run_id,stage,vpn,client_role,client_type,wifi_band,host,repeat,mtu,delay_ms,loss_pct,cpu_stress,cpu_workers,cpu_sample_interval_sec,ping_interval_sec,duration_sec,ping_count,udp_bandwidth,iface,client_conf,measure_handshake,measure_reconnect,capture,start_vpn,stop_vpn,tcp_throughput_mbps,udp_throughput_mbps,udp_loss_pct_actual,udp_jitter_ms,rtt_min_ms,rtt_avg_ms,rtt_max_ms,rtt_mdev_ms,cpu_avg_percent,cpu_max_percent,throughput_per_cpu,reconnect_ms,handshake_ms,folder
baseline_ipsec_pi_2.4GHz_20260420T161144920863Z_r1_b8807ae3,baseline,ipsec,pi,RaspberryPi,2.4GHz,ubuntu,1,1500,,,False,2,1.0,0.2,60,50,50M,wlan0,,False,False,True,True,True,49.276338806356776,49.999435000960496,0.0664913049831945,0.1990545866631003,13.356,13.968,16.241,0.778,22.134351145038167,38.1,2.2262382341125457,,,C:\vpn-thesis\results\baseline_ipsec_pi_2.4GHz_20260420T161144920863Z_r1_b8807ae3
baseline_ipsec_pi_2.4GHz_20260420T162037393465Z_r2_d4b947b3,baseline,ipsec,pi,RaspberryPi,2.4GHz,ubuntu,2,1500,,,False,2,1.0,0.2,60,50,50M,wlan0,,False,False,True,True,True,49.33636980446302,49.999435834283,0.0540698524039164,0.27217114987895313,13.253,15.444,32.067,3.279,8.221374045801527,24.2,6.000988342047034,,,C:\vpn-thesis\results\baseline_ipsec_pi_2.4GHz_20260420T162037393465Z_r2_d4b947b3
baseline_ipsec_pi_2.4GHz_20260420T162929879103Z_r3_73fd225a,baseline,ipsec,pi,RaspberryPi,2.4GHz,ubuntu,3,1500,,,False,2,1.0,0.2,60,50,50M,wlan0,,False,False,True,True,True,49.0984199637943,49.999437500928124,0.0770860733596376,0.2463964409894551,13.37,16.237,78.36,11.495,13.63740458015267,100.0,3.600275967118418,,,C:\vpn-thesis\results\baseline_ipsec_pi_2.4GHz_20260420T162929879103Z_r3_73fd225a
baseline_ipsec_pi_5GHz_20260420T080528974661Z_r1_c2ad2e9e,baseline,ipsec,pi,RaspberryPi,5GHz,ubuntu,1,1500,,,False,2,1.0,0.2,60,50,50M,eth0,,False,False,True,True,True,89.2144597798374,49.999437500928124,0.24660236738272687,0.08739311053718844,12.528,14.057,29.643,3.868,7.891603053435114,17.5,11.304985714024665,,,C:\vpn-thesis\results\baseline_ipsec_pi_5GHz_20260420T080528974661Z_r1_c2ad2e9e
baseline_ipsec_pi_5GHz_20260420T081421460575Z_r2_49a74d85,baseline,ipsec,pi,RaspberryPi,5GHz,ubuntu,2,1500,,,False,2,1.0,0.2,60,50,50M,eth0,,False,False,True,True,True,89.20995404729875,49.999435000960496,0.23198889376004675,0.07765337361251554,12.361,12.91,16.308,0.752,1.66793893129771,7.0,53.48514407412419,,,C:\vpn-thesis\results\baseline_ipsec_pi_5GHz_20260420T081421460575Z_r2_49a74d85
baseline_ipsec_pi_5GHz_20260420T082313935526Z_r3_eff02240,baseline,ipsec,pi,RaspberryPi,5GHz,ubuntu,3,1500,,,False,2,1.0,0.2,60,50,50M,eth0,,False,False,True,True,True,89.23921015432593,49.99943833425072,0.06795265234546252,0.0768828878503493,12.305,12.658,12.923,0.125,1.717557251908397,6.4,51.95705124540754,,,C:\vpn-thesis\results\baseline_ipsec_pi_5GHz_20260420T082313935526Z_r3_eff02240
baseline_ipsec_vm_2.4GHz_20260420T191406569446Z_r1_a6c83361,baseline,ipsec,vm,VM,2.4GHz,ubuntu,1,1500,,,False,2,1.0,0.2,60,50,50M,enp0s3,,False,False,True,True,True,16.524619018132164,8.971063432995646,0.0,0.160768569639287,13.856,17.555,45.551,4.746,99.3103448275862,100.0,0.16639373316869194,,,C:\vpn-thesis\results\baseline_ipsec_vm_2.4GHz_20260420T191406569446Z_r1_a6c83361
baseline_ipsec_vm_2.4GHz_20260420T192331722746Z_r2_d90857a4,baseline,ipsec,vm,VM,2.4GHz,ubuntu,2,1500,,,False,2,1.0,0.2,60,50,50M,enp0s3,,False,False,True,True,True,15.9215532621173,10.509158592777107,0.0,0.18675993722578013,13.354,16.068,25.008,2.766,99.28142857142856,100.0,0.16036789046264027,,,C:\vpn-thesis\results\baseline_ipsec_vm_2.4GHz_20260420T192331722746Z_r2_d90857a4
baseline_ipsec_vm_2.4GHz_20260420T193303346691Z_r3_d7cb89c2,baseline,ipsec,vm,VM,2.4GHz,ubuntu,3,1500,,,False,2,1.0,0.2,60,50,50M,enp0s3,,False,False,True,True,True,17.076338249893283,9.35459194884848,0.11498733190411226,9.08347408739323,13.746,16.935,32.785,3.705,99.27007299270073,100.0,0.17201899560554262,,,C:\vpn-thesis\results\baseline_ipsec_vm_2.4GHz_20260420T193303346691Z_r3_d7cb89c2
baseline_ipsec_vm_5GHz_20260420T112929008396Z_r1_67a31810,baseline,ipsec,vm,VM,5GHz,ubuntu,1,1500,,,False,2,1.0,0.2,60,50,50M,enp0s3,,False,False,True,True,True,76.2348049738566,49.9967516685074,0.3200526113881734,0.11417520488051386,13.415,13.668,14.465,0.172,34.21707317073171,52.5,2.2279756247260107,,,C:\vpn-thesis\results\baseline_ipsec_vm_5GHz_20260420T112929008396Z_r1_67a31810
baseline_ipsec_vm_5GHz_20260420T113826160627Z_r2_397999e8,baseline,ipsec,vm,VM,5GHz,ubuntu,2,1500,,,False,2,1.0,0.2,60,50,50M,enp0s3,,False,False,True,True,True,78.23402037430785,49.997598513328256,0.14723558790110738,0.13399047515183743,13.441,14.191,25.207,1.743,33.31297709923664,50.0,2.348454782088526,,,C:\vpn-thesis\results\baseline_ipsec_vm_5GHz_20260420T113826160627Z_r2_397999e8
baseline_ipsec_vm_5GHz_20260420T114726810334Z_r3_5e347bad,baseline,ipsec,vm,VM,5GHz,ubuntu,3,1500,,,False,2,1.0,0.2,60,50,50M,enp0s3,,False,False,True,True,True,78.89860324459269,49.99923350719226,0.36095147979146647,0.13842822244833683,13.386,13.71,14.987,0.251,32.84132231404959,54.4,2.4024185899128576,,,C:\vpn-thesis\results\baseline_ipsec_vm_5GHz_20260420T114726810334Z_r3_5e347bad
baseline_ipsec_wsl_2.4GHz_20260424T033508598211Z_r1_5583c601,baseline,ipsec,wsl,WSL,2.4GHz,Aregae,1,1500,,,False,2,1.0,0.2,60,50,50M,eth0,,False,False,True,True,True,68.58386263266321,49.99928066748191,0.3211322560728338,0.12239218621899842,14.127,21.12,66.341,7.685,0.9068702290076336,66.7,75.62698657305455,,,C:\vpn-thesis\results\baseline_ipsec_wsl_2.4GHz_20260424T033508598211Z_r1_5583c601
baseline_ipsec_wsl_2.4GHz_20260424T034426875490Z_r2_db191972,baseline,ipsec,wsl,WSL,2.4GHz,Aregae,2,1500,,,False,2,1.0,0.2,60,50,50M,eth0,,False,False,True,True,True,75.69589766912334,49.999225668396,0.32076691789755185,0.307911114212407,14.02,21.57,70.678,8.33,1.3465648854961831,4.3,56.21407366584557,,,C:\vpn-thesis\results\baseline_ipsec_wsl_2.4GHz_20260424T034426875490Z_r2_db191972
baseline_ipsec_wsl_2.4GHz_20260424T035330442146Z_r3_cfedc9c1,baseline,ipsec,wsl,WSL,2.4GHz,Aregae,3,1500,,,False,2,1.0,0.2,60,50,50M,eth0,,False,False,True,True,True,77.24481265948319,49.99940250140412,0.13773198889376,0.34017234918337785,13.789,21.33,66.474,9.275,0.7557251908396947,3.6,102.2128329130535,,,C:\vpn-thesis\results\baseline_ipsec_wsl_2.4GHz_20260424T035330442146Z_r3_cfedc9c1
baseline_ipsec_vm_5GHz_20260421T104745173443Z_r1_71a1a28f,baseline,ipsec,vm,WSL,5GHz,Aregae,1,1500,,,False,2,1.0,0.2,60,50,50M,eth0,,False,False,True,True,True,61.8390840508143,49.999400834761346,0.07270203127283355,0.24583903549546787,14.525,17.347,26.335,2.115,2.624427480916031,6.6,23.56288542948421,,,C:\vpn-thesis\results\baseline_ipsec_wsl_5GHz_20260421T104745173443Z_r1_71a1a28f
baseline_ipsec_vm_5GHz_20260421T105643590316Z_r2_f09f690b,baseline,ipsec,vm,WSL,5GHz,Aregae,2,1500,,,False,2,1.0,0.2,60,50,50M,eth0,,False,False,True,True,True,73.94020671360201,49.99940000144,0.08183545228700863,0.189015487054191,14.162,16.546,24.649,1.926,2.3061068702290077,6.5,32.06278410950633,,,C:\vpn-thesis\results\baseline_ipsec_wsl_5GHz_20260421T105643590316Z_r2_f09f690b
baseline_ipsec_vm_5GHz_20260421T110540558783Z_r3_0ff99a59,baseline,ipsec,vm,WSL,5GHz,Aregae,3,1500,,,False,2,1.0,0.2,60,50,50M,eth0,,False,False,True,True,True,79.16409846873226,49.99937416849201,0.05991524185298846,0.24226513155949042,14.0,26.201,483.437,65.404,0.716030534351145,4.2,110.55966843714207,,,C:\vpn-thesis\results\baseline_ipsec_wsl_5GHz_20260421T110540558783Z_r3_0ff99a59
baseline_openvpn_pi_2.4GHz_20260420T160717452944Z_r1_6fe7e27a,baseline,openvpn,pi,RaspberryPi,2.4GHz,ubuntu,1,1500,,,False,2,1.0,0.2,60,50,50M,wlan0,/home/pi-client/pi-client.ovpn,False,False,True,True,True,46.61351907939023,49.99932316776088,0.04144796072635853,0.26323733574532737,13.526,14.295,16.163,0.797,21.999236641221376,28.3,2.1188698426038792,,,C:\vpn-thesis\results\baseline_openvpn_pi_2.4GHz_20260420T160717452944Z_r1_6fe7e27a
baseline_openvpn_pi_2.4GHz_20260420T161610852636Z_r2_3b51ce16,baseline,openvpn,pi,RaspberryPi,2.4GHz,ubuntu,2,1500,,,False,2,1.0,0.2,60,50,50M,wlan0,/home/pi-client/pi-client.ovpn,False,False,True,True,True,45.86285340823253,49.99932233444019,0.0394095364283409,0.21768711263841553,13.617,14.718,27.589,2.269,21.812213740458017,100.0,2.1026225927341153,,,C:\vpn-thesis\results\baseline_openvpn_pi_2.4GHz_20260420T161610852636Z_r2_3b51ce16
baseline_openvpn_pi_2.4GHz_20260420T162503520036Z_r3_9d9bba0b,baseline,openvpn,pi,RaspberryPi,2.4GHz,ubuntu,3,1500,,,False,2,1.0,0.2,60,50,50M,wlan0,/home/pi-client/pi-client.ovpn,False,False,True,True,True,46.69756554983396,49.999318167837146,0.03533268783230563,0.2645457576279797,13.513,14.679,31.261,2.703,12.568702290076336,25.1,3.715384808398572,,,C:\vpn-thesis\results\baseline_openvpn_pi_2.4GHz_20260420T162503520036Z_r3_9d9bba0b
baseline_openvpn_pi_5GHz_20260420T080103354719Z_r1_afb2bbe9,baseline,openvpn,pi,RaspberryPi,5GHz,ubuntu,1,1500,,,False,2,1.0,0.2,60,50,50M,eth0,/home/pi-client/pi-client.ovpn,False,False,True,True,True,66.92522745827479,49.99932233444019,0.0421274354923644,0.10337232833366714,12.807,13.006,13.71,0.155,12.112977099236641,27.5,5.5250849489752945,,,C:\vpn-thesis\results\baseline_openvpn_pi_5GHz_20260420T080103354719Z_r1_afb2bbe9
baseline_openvpn_pi_5GHz_20260420T080954569938Z_r2_04169f39,baseline,openvpn,pi,RaspberryPi,5GHz,ubuntu,2,1500,,,False,2,1.0,0.2,60,50,50M,eth0,/home/pi-client/pi-client.ovpn,False,False,True,True,True,73.0318501465691,49.99931983447828,0.027518728023238036,0.158661076331876,12.671,13.708,26.908,3.158,22.869465648854963,28.3,3.193421799526203,,,C:\vpn-thesis\results\baseline_openvpn_pi_5GHz_20260420T080954569938Z_r2_04169f39
baseline_openvpn_pi_5GHz_20260420T081847056699Z_r3_75184c41,baseline,openvpn,pi,RaspberryPi,5GHz,ubuntu,3,1500,,,False,2,1.0,0.2,60,50,50M,eth0,/home/pi-client/pi-client.ovpn,False,False,True,True,True,66.54779777124567,49.999321501119525,0.127741256009105,0.1057530825625255,12.715,13.271,21.707,1.443,22.61526717557252,27.5,2.942604978071013,,,C:\vpn-thesis\results\baseline_openvpn_pi_5GHz_20260420T081847056699Z_r3_75184c41
baseline_openvpn_vm_2.4GHz_20260420T190935439533Z_r1_e7e12f08,baseline,openvpn,vm,VM,2.4GHz,ubuntu,1,1500,,,False,2,1.0,0.2,60,50,50M,enp0s3,/home/clientvm/vm-client.ovpn,False,False,True,True,True,7.710336667602187,49.99908567248789,81.3270142180095,2.44949944025562,13.982,16.702,37.358,4.086,99.23664122137404,100.0,0.07769646949660665,,,C:\vpn-thesis\results\baseline_openvpn_vm_2.4GHz_20260420T190935439533Z_r1_e7e12f08
baseline_openvpn_vm_2.4GHz_20260420T191857094767Z_r2_3b62de41,baseline,openvpn,vm,VM,2.4GHz,ubuntu,2,1500,,,False,2,1.0,0.2,60,50,50M,enp0s3,/home/clientvm/vm-client.ovpn,False,False,True,True,True,8.064907533219257,49.953480440090814,84.02102514585685,1.8310523445736013,13.756,16.366,26.055,2.602,99.25925925925925,100.0,0.08125093410332834,,,C:\vpn-thesis\results\baseline_openvpn_vm_2.4GHz_20260420T191857094767Z_r2_3b62de41
baseline_openvpn_vm_2.4GHz_20260420T192820404246Z_r3_81000ad7,baseline,openvpn,vm,VM,2.4GHz,ubuntu,3,1500,,,False,2,1.0,0.2,60,50,50M,enp0s3,/home/clientvm/vm-client.ovpn,False,False,True,True,True,8.224361964003597,49.96121465724624,82.0636657784545,0.6183687169823695,13.902,16.316,26.33,2.438,99.3006993006993,100.0,0.08282280006003621,,,C:\vpn-thesis\results\baseline_openvpn_vm_2.4GHz_20260420T192820404246Z_r3_81000ad7
baseline_openvpn_vm_5GHz_20260420T112458844458Z_r1_f282670e,baseline,openvpn,vm,VM,5GHz,ubuntu,1,1500,,,False,2,1.0,0.2,60,50,50M,enp0s3,/home/clientvm/vm-client.ovpn,False,False,True,True,True,54.43994777051214,49.9992840017184,2.607484414547555,0.21458470822541653,13.609,13.973,14.846,0.284,29.58320610687023,44.6,1.8402315007320769,,,C:\vpn-thesis\results\baseline_openvpn_vm_5GHz_20260420T112458844458Z_r1_f282670e
baseline_openvpn_vm_5GHz_20260420T113357588674Z_r2_7872d0b1,baseline,openvpn,vm,VM,5GHz,ubuntu,2,1500,,,False,2,1.0,0.2,60,50,50M,enp0s3,/home/clientvm/vm-client.ovpn,False,False,True,True,True,58.380547703743915,49.99871068454517,1.075268817204301,0.18636483407758578,13.837,15.044,23.51,1.954,34.181679389312976,62.4,1.7079484901492816,,,C:\vpn-thesis\results\baseline_openvpn_vm_5GHz_20260420T113357588674Z_r2_7872d0b1
baseline_openvpn_vm_5GHz_20260420T114301205612Z_r3_10848a5d,baseline,openvpn,vm,VM,5GHz,ubuntu,3,1500,,,False,2,1.0,0.2,60,50,50M,enp0s3,/home/clientvm/vm-client.ovpn,False,False,True,True,True,64.67728620682361,49.968953671414035,1.6546679447175032,0.18525137166509806,13.435,14.12,16.393,0.653,28.13671875,62.2,2.2986790599676308,,,C:\vpn-thesis\results\baseline_openvpn_vm_5GHz_20260420T114301205612Z_r3_10848a5d
baseline_openvpn_wsl_2.4GHz_20260424T033038687189Z_r1_18a31c7f,baseline,openvpn,wsl,WSL,2.4GHz,Aregae,1,1500,,,False,2,1.0,0.2,60,50,50M,eth0,/home/clientvm/vm-client.ovpn,False,False,True,True,True,64.88410815528461,49.99927983512174,0.024800828959214528,0.192684532793417,13.07,22.814,66.83,8.29,1.797709923664122,4.1,36.09264615007339,,,C:\vpn-thesis\results\baseline_openvpn_wsl_2.4GHz_20260424T033038687189Z_r1_18a31c7f
baseline_openvpn_wsl_2.4GHz_20260424T033955742130Z_r2_af0886aa,baseline,openvpn,wsl,WSL,2.4GHz,Aregae,2,1500,,,False,2,1.0,0.2,60,50,50M,eth0,/home/clientvm/vm-client.ovpn,False,False,True,True,True,65.11431331332938,49.99921650293811,0.0631911532385466,0.3283572111915251,13.12,26.975,219.001,31.099,4.977692307692308,10.6,13.081225051356542,,,C:\vpn-thesis\results\baseline_openvpn_wsl_2.4GHz_20260424T033955742130Z_r2_af0886aa
baseline_openvpn_wsl_2.4GHz_20260424T034859231809Z_r3_de2d7f77,baseline,openvpn,wsl,WSL,2.4GHz,Aregae,3,1500,,,False,2,1.0,0.2,60,50,50M,eth0,/home/clientvm/vm-client.ovpn,False,False,True,True,True,73.8711397474899,49.99922733606341,0.03906979904533795,0.2266535306501015,13.689,18.012,38.311,4.238,4.675572519083969,11.5,15.799378460279474,,,C:\vpn-thesis\results\baseline_openvpn_wsl_2.4GHz_20260424T034859231809Z_r3_de2d7f77
baseline_openvpn_vm_5GHz_20260421T104313530534Z_r1_e0bb1877,baseline,openvpn,vm,WSL,5GHz,Aregae,1,1500,,,False,2,1.0,0.2,60,50,50M,eth0,/home/clientvm/vm-client.ovpn,False,False,True,True,True,79.39891656779406,49.999423035073846,0.14914420443967305,0.18295143010669684,14.52,17.138,23.671,1.653,2.3496183206106873,9.0,33.79226143723528,,,C:\vpn-thesis\results\baseline_openvpn_wsl_5GHz_20260421T104313530534Z_r1_e0bb1877
baseline_openvpn_vm_5GHz_20260421T105213076287Z_r2_ffc69a89,baseline,openvpn,vm,WSL,5GHz,Aregae,2,1500,,,False,2,1.0,0.2,60,50,50M,eth0,/home/clientvm/vm-client.ovpn,False,False,True,True,True,78.0043479738884,49.99917733706274,0.1481254989892813,0.1725768989004334,14.524,17.841,36.176,3.947,2.5267175572519083,6.9,30.871811433774564,,,C:\vpn-thesis\results\baseline_openvpn_wsl_5GHz_20260421T105213076287Z_r2_ffc69a89
baseline_openvpn_vm_5GHz_20260421T110109953068Z_r3_3c37d0c6,baseline,openvpn,vm,WSL,5GHz,Aregae,3,1500,,,False,2,1.0,0.2,60,50,50M,eth0,/home/clientvm/vm-client.ovpn,False,False,True,True,True,82.8013569386031,49.999297334832356,0.10599806349691689,0.1954050874787762,14.702,16.675,22.875,1.686,2.8259541984732826,6.5,29.30031809550785,,,C:\vpn-thesis\results\baseline_openvpn_wsl_5GHz_20260421T110109953068Z_r3_3c37d0c6
baseline_wireguard_pi_2.4GHz_20260420T160505041720Z_r1_1a333fa4,baseline,wireguard,pi,RaspberryPi,2.4GHz,ubuntu,1,1500,,,False,2,1.0,0.2,60,50,50M,wlan0,,False,False,True,True,True,49.54071091886653,49.999403834336874,0.000729607471180505,0.293397371944422,13.492,14.445,17.822,1.049,5.470229007633588,100.0,9.056423570152827,,,C:\vpn-thesis\results\baseline_wireguard_pi_2.4GHz_20260420T160505041720Z_r1_1a333fa4
baseline_wireguard_pi_2.4GHz_20260420T161358796958Z_r2_2dd894b7,baseline,wireguard,pi,RaspberryPi,2.4GHz,ubuntu,2,1500,,,False,2,1.0,0.2,60,50,50M,wlan0,,False,False,True,True,True,50.01162804344672,49.99940550098092,0.00036480373559025247,0.239928574206719,13.45,13.873,16.079,0.464,23.809923664122138,46.6,2.1004531030398255,,,C:\vpn-thesis\results\baseline_wireguard_pi_2.4GHz_20260420T161358796958Z_r2_2dd894b7
baseline_wireguard_pi_2.4GHz_20260420T162251420311Z_r3_bc8948e4,baseline,wireguard,pi,RaspberryPi,2.4GHz,ubuntu,3,1500,,,False,2,1.0,0.2,60,50,50M,wlan0,,False,False,True,True,True,50.0615327264067,49.99939633444005,0.0,0.269085902256066,13.482,15.031,44.737,4.432,15.206870229007633,27.4,3.292033927593634,,,C:\vpn-thesis\results\baseline_wireguard_pi_2.4GHz_20260420T162251420311Z_r3_bc8948e4
baseline_wireguard_pi_5GHz_20260420T075851401816Z_r1_ba4e381b,baseline,wireguard,pi,RaspberryPi,5GHz,ubuntu,1,1500,,,False,2,1.0,0.2,60,50,50M,eth0,,False,False,True,True,True,89.8424373613406,49.99940466765889,0.00036480373559025247,0.13050468880353105,12.659,12.94,15.154,0.347,18.980152671755725,36.3,4.733493924684531,,,C:\vpn-thesis\results\baseline_wireguard_pi_5GHz_20260420T075851401816Z_r1_ba4e381b
baseline_wireguard_pi_5GHz_20260420T080742671191Z_r2_0fc0cb6d,baseline,wireguard,pi,RaspberryPi,5GHz,ubuntu,2,1500,,,False,2,1.0,0.2,60,50,50M,eth0,,False,False,True,True,True,89.9200375993789,49.99940466765889,0.0,0.0906385164532852,12.555,12.831,13.268,0.133,18.885496183206108,37.6,4.7613277791102,,,C:\vpn-thesis\results\baseline_wireguard_pi_5GHz_20260420T080742671191Z_r2_0fc0cb6d
baseline_wireguard_pi_5GHz_20260420T081635120286Z_r3_ebc632d9,baseline,wireguard,pi,RaspberryPi,5GHz,ubuntu,3,1500,,,False,2,1.0,0.2,60,50,50M,eth0,,False,False,True,True,True,89.88297877777501,49.99940133437102,0.0,0.11385461700864737,12.692,12.923,13.264,0.123,3.954961832061069,11.5,22.72663620901086,,,C:\vpn-thesis\results\baseline_wireguard_pi_5GHz_20260420T081635120286Z_r3_ebc632d9
baseline_wireguard_vm_2.4GHz_20260420T190717555909Z_r1_f26c938d,baseline,wireguard,vm,VM,2.4GHz,ubuntu,1,1500,,,False,2,1.0,0.2,60,50,50M,enp0s3,,False,False,True,True,True,77.77491080799905,44.69656178421752,5.39176279997878,0.5141162818940597,14.008,17.075,28.63,3.28,99.23664122137404,100.0,0.7837317935267597,,,C:\vpn-thesis\results\baseline_wireguard_vm_2.4GHz_20260420T190717555909Z_r1_f26c938d
baseline_wireguard_vm_2.4GHz_20260420T191639349259Z_r2_d6f5dd80,baseline,wireguard,vm,VM,2.4GHz,ubuntu,2,1500,,,False,2,1.0,0.2,60,50,50M,enp0s3,,False,False,True,True,True,83.5386526649801,9.01893627361577,0.0,0.24807128368730222,13.991,16.317,28.583,2.797,99.23664122137404,100.0,0.8418125768547996,,,C:\vpn-thesis\results\baseline_wireguard_vm_2.4GHz_20260420T191639349259Z_r2_d6f5dd80
baseline_wireguard_vm_2.4GHz_20260420T192600057640Z_r3_895c65c5,baseline,wireguard,vm,VM,2.4GHz,ubuntu,3,1500,,,False,2,1.0,0.2,60,50,50M,enp0s3,,False,False,True,True,True,82.87427417386,48.94975493999054,0.5734534641954884,0.1273682925582892,14.237,18.045,35.985,5.038,99.24242424242425,100.0,0.835069022209887,,,C:\vpn-thesis\results\baseline_wireguard_vm_2.4GHz_20260420T192600057640Z_r3_895c65c5
baseline_wireguard_vm_5GHz_20260420T112237581386Z_r1_e294b8c3,baseline,wireguard,vm,VM,5GHz,ubuntu,1,1500,,,False,2,1.0,0.2,60,50,50M,enp0s3,,False,False,True,True,True,88.62519029388405,49.9997394672572,0.0018240053698718088,0.15174704893091945,13.815,14.376,18.513,0.915,30.820714285714285,54.3,2.875507344583598,,,C:\vpn-thesis\results\baseline_wireguard_vm_5GHz_20260420T112237581386Z_r1_e294b8c3
baseline_wireguard_vm_5GHz_20260420T113142566069Z_r2_35b88aec,baseline,wireguard,vm,VM,5GHz,ubuntu,2,1500,,,False,2,1.0,0.2,60,50,50M,enp0s3,,False,False,True,True,True,87.29661638361523,49.99908550736166,0.010944112067707573,0.21024457388078158,13.736,14.968,25.785,2.341,45.02462686567164,73.1,1.9388637388169725,,,C:\vpn-thesis\results\baseline_wireguard_vm_5GHz_20260420T113142566069Z_r2_35b88aec
baseline_wireguard_vm_5GHz_20260420T114040961723Z_r3_32e35089,baseline,wireguard,vm,VM,5GHz,ubuntu,3,1500,,,False,2,1.0,0.2,60,50,50M,enp0s3,,False,False,True,True,True,86.43369122208114,49.99883746906923,0.050708274204080736,0.22470206225096312,13.845,14.866,22.37,1.488,32.55971223021583,55.7,2.654620858161933,,,C:\vpn-thesis\results\baseline_wireguard_vm_5GHz_20260420T114040961723Z_r3_32e35089
baseline_wireguard_wsl_2.4GHz_20260424T032812896524Z_r1_6532700e,baseline,wireguard,wsl,WSL,2.4GHz,Aregae,1,1500,,,False,2,1.0,0.2,60,50,50M,eth0,,False,False,True,True,True,78.40914004233,49.99930133594168,0.0,0.1535490863406849,13.047,15.672,27.014,2.895,2.2083969465648856,5.9,35.50500292272806,,,C:\vpn-thesis\results\baseline_wireguard_wsl_2.4GHz_20260424T032812896524Z_r1_6532700e
baseline_wireguard_wsl_2.4GHz_20260424T033729864391Z_r2_1d67499a,baseline,wireguard,wsl,WSL,2.4GHz,Aregae,2,1500,,,False,2,1.0,0.2,60,50,50M,eth0,,False,False,True,True,True,76.48230593666557,49.99942716736361,0.0,0.2188979301514043,13.024,19.572,44.848,7.623,8.235114503816794,19.8,9.287339708660724,,,C:\vpn-thesis\results\baseline_wireguard_wsl_2.4GHz_20260424T033729864391Z_r2_1d67499a
baseline_wireguard_wsl_2.4GHz_20260424T034643240526Z_r3_8431513d,baseline,wireguard,wsl,WSL,2.4GHz,Aregae,3,1500,,,False,2,1.0,0.2,60,50,50M,eth0,,False,False,True,True,True,82.45296868698473,49.99939883440541,0.0,0.16409848499923485,16.168,22.403,55.85,7.562,2.2015267175572517,6.7,37.45263140774966,,,C:\vpn-thesis\results\baseline_wireguard_wsl_2.4GHz_20260424T034643240526Z_r3_8431513d
baseline_wireguard_vm_5GHz_20260421T104059238478Z_r1_ca687fdb,baseline,wireguard,vm,WSL,5GHz,Aregae,1,1500,,,False,2,1.0,0.2,60,50,50M,eth0,,False,False,True,True,True,84.65628327720876,49.99932716883094,0.0,0.18155404650686316,13.37,16.474,21.743,1.965,9.678625954198473,17.6,8.746725380009739,,,C:\vpn-thesis\results\baseline_wireguard_wsl_5GHz_20260421T104059238478Z_r1_ca687fdb
baseline_wireguard_vm_5GHz_20260421T104958959314Z_r2_ad9474ff,baseline,wireguard,vm,WSL,5GHz,Aregae,2,1500,,,False,2,1.0,0.2,60,50,50M,eth0,,False,False,True,True,True,83.09826460742487,49.999554567698596,0.0,0.1317167437497503,14.505,16.796,21.887,1.596,10.626717557251908,20.8,7.819749057950332,,,C:\vpn-thesis\results\baseline_wireguard_wsl_5GHz_20260421T104958959314Z_r2_ad9474ff
baseline_wireguard_vm_5GHz_20260421T105857646623Z_r3_65be571b,baseline,wireguard,vm,WSL,5GHz,Aregae,3,1500,,,False,2,1.0,0.2,60,50,50M,eth0,,False,False,True,True,True,77.60378976702364,49.986063663760994,0.00036490091115757515,1.1577794844533844,14.709,16.646,21.337,1.384,8.666412213740458,50.0,8.95454633971646,,,C:\vpn-thesis\results\baseline_wireguard_wsl_5GHz_20260421T105857646623Z_r3_65be571b
cpu_stress_ipsec_pi_5GHz_20260420T095307452323Z_r1_f439038f,cpu_stress,ipsec,pi,RaspberryPi,5GHz,ubuntu,1,1500,,,True,2,1.0,0.2,60,50,50M,eth0,,False,False,True,True,True,89.2391138218029,49.999427501059124,0.137001315212626,0.0675922752508049,12.611,12.835,13.217,0.099,99.23664122137404,100.0,0.8992556854350908,,,C:\vpn-thesis\results\cpu_stress_ipsec_pi_5GHz_20260420T095307452323Z_r1_f439038f
cpu_stress_ipsec_pi_5GHz_20260420T100206921761Z_r2_a70e8ac2,cpu_stress,ipsec,pi,RaspberryPi,5GHz,ubuntu,2,1500,,,True,2,1.0,0.2,60,50,50M,eth0,,False,False,True,True,True,88.2224414096829,47.0391628490883,0.028736301715634877,0.058206063868355556,12.491,12.762,13.022,0.104,99.23664122137404,100.0,0.8890107557437277,,,C:\vpn-thesis\results\cpu_stress_ipsec_pi_5GHz_20260420T100206921761Z_r2_a70e8ac2
cpu_stress_ipsec_pi_5GHz_20260420T101123184144Z_r3_1c47d3f3,cpu_stress,ipsec,pi,RaspberryPi,5GHz,ubuntu,3,1500,,,True,2,1.0,0.2,60,50,50M,eth0,,False,False,True,True,True,76.29259738621387,32.0914763643196,0.12462867483866562,0.07201093665784865,12.516,12.902,16.477,0.554,99.29078014184397,100.0,0.7683754451040111,,,C:\vpn-thesis\results\cpu_stress_ipsec_pi_5GHz_20260420T101123184144Z_r3_1c47d3f3
cpu_stress_ipsec_vm_5GHz_20260420T132759112741Z_r1_22caca7d,cpu_stress,ipsec,vm,VM,5GHz,ubuntu,1,1500,,,True,2,1.0,0.2,60,50,50M,enp0s3,,False,False,True,True,True,42.05974365434365,45.27736666514515,20.06914273497033,0.37828829824372634,13.579,14.605,18.242,1.15,99.20769230769231,100.0,0.42395647631733535,,,C:\vpn-thesis\results\cpu_stress_ipsec_vm_5GHz_20260420T132759112741Z_r1_22caca7d
cpu_stress_ipsec_vm_5GHz_20260420T133700405743Z_r2_27a463fe,cpu_stress,ipsec,vm,VM,5GHz,ubuntu,2,1500,,,True,2,1.0,0.2,60,50,50M,enp0s3,,False,False,True,True,True,25.499778144945026,12.590611403547822,0.0493275494363602,0.16202358082036278,13.668,14.888,19.604,1.301,99.27785714285714,100.0,0.2568526243294292,,,C:\vpn-thesis\results\cpu_stress_ipsec_vm_5GHz_20260420T133700405743Z_r2_27a463fe
cpu_stress_ipsec_vm_5GHz_20260420T134625822006Z_r3_01ca7515,cpu_stress,ipsec,vm,VM,5GHz,ubuntu,3,1500,,,True,2,1.0,0.2,60,50,50M,enp0s3,,False,False,True,True,True,25.303048456313938,9.24357793149144,0.0414732892268194,0.15914929096247457,13.398,14.26,20.762,1.178,99.24242424242425,100.0,0.2549620149796519,,,C:\vpn-thesis\results\cpu_stress_ipsec_vm_5GHz_20260420T134625822006Z_r3_01ca7515
cpu_stress_ipsec_vm_5GHz_20260421T125842838680Z_r1_8bd8b9be,cpu_stress,ipsec,vm,WSL,5GHz,Aregae,1,1500,,,True,2,1.0,0.2,60,50,50M,eth0,,False,False,True,True,True,84.8107539479261,49.999239834815654,0.04712862461137152,0.16872421498705614,14.095,17.088,31.505,3.437,73.62061068702289,79.3,1.1519974251296954,,,C:\vpn-thesis\results\cpu_stress_ipsec_wsl_5GHz_20260421T125842838680Z_r1_8bd8b9be
cpu_stress_ipsec_vm_5GHz_20260421T130746100523Z_r2_64d351e1,cpu_stress,ipsec,vm,WSL,5GHz,Aregae,2,1500,,,True,2,1.0,0.2,60,50,50M,eth0,,False,False,True,True,True,53.01717201836114,49.972559394493715,0.22224009240509104,0.12038179867587949,14.264,19.643,47.547,6.787,99.23664122137404,100.0,0.5342499641850238,,,C:\vpn-thesis\results\cpu_stress_ipsec_wsl_5GHz_20260421T130746100523Z_r2_64d351e1
cpu_stress_ipsec_vm_5GHz_20260421T131654100590Z_r3_db5c82a7,cpu_stress,ipsec,vm,WSL,5GHz,Aregae,3,1500,,,True,2,1.0,0.2,60,50,50M,eth0,,False,False,True,True,True,52.359962855908,49.9966125113481,0.29447763102610475,0.1244539416614667,13.179,18.424,29.318,4.466,99.23664122137404,100.0,0.5276273180095344,,,C:\vpn-thesis\results\cpu_stress_ipsec_wsl_5GHz_20260421T131654100590Z_r3_db5c82a7
cpu_stress_openvpn_pi_5GHz_20260420T094839543754Z_r1_1b5d0723,cpu_stress,openvpn,pi,RaspberryPi,5GHz,ubuntu,1,1500,,,True,2,1.0,0.2,60,50,50M,eth0,/home/pi-client/pi-client.ovpn,False,False,True,True,True,53.985137961038745,49.99930983463315,0.09784436630484636,0.22928328060046463,12.903,13.244,14.044,0.177,99.23511450381679,100.0,0.5440124519528051,,,C:\vpn-thesis\results\cpu_stress_openvpn_pi_5GHz_20260420T094839543754Z_r1_1b5d0723
cpu_stress_openvpn_pi_5GHz_20260420T095737908697Z_r2_45d78518,cpu_stress,openvpn,pi,RaspberryPi,5GHz,ubuntu,2,1500,,,True,2,1.0,0.2,60,50,50M,eth0,/home/pi-client/pi-client.ovpn,False,False,True,True,True,22.629002749926354,49.99929316823348,38.233025871001715,0.2263575100573213,12.979,13.365,21.101,1.111,99.23664122137404,100.0,0.22803072001848865,,,C:\vpn-thesis\results\cpu_stress_openvpn_pi_5GHz_20260420T095737908697Z_r2_45d78518
cpu_stress_openvpn_pi_5GHz_20260420T100650826133Z_r3_416add68,cpu_stress,openvpn,pi,RaspberryPi,5GHz,ubuntu,3,1500,,,True,2,1.0,0.2,60,50,50M,eth0,/home/pi-client/pi-client.ovpn,False,False,True,True,True,13.999826135262525,49.999305668032186,60.383223768027314,0.3929709400090129,12.91,13.502,18.491,0.967,99.24242424242425,100.0,0.14106695037058423,,,C:\vpn-thesis\results\cpu_stress_openvpn_pi_5GHz_20260420T100650826133Z_r3_416add68
cpu_stress_openvpn_vm_5GHz_20260420T132330074761Z_r1_f19f0289,cpu_stress,openvpn,vm,VM,5GHz,ubuntu,1,1500,,,True,2,1.0,0.2,60,50,50M,enp0s3,/home/clientvm/vm-client.ovpn,False,False,True,True,True,45.41914445992119,49.998336535514966,31.822181453736263,0.12430751950002851,13.802,14.82,24.382,1.566,99.23076923076923,100.0,0.4577123085108337,,,C:\vpn-thesis\results\cpu_stress_openvpn_vm_5GHz_20260420T132330074761Z_r1_f19f0289
cpu_stress_openvpn_vm_5GHz_20260420T133230612935Z_r2_583d8375,cpu_stress,openvpn,vm,VM,5GHz,ubuntu,2,1500,,,True,2,1.0,0.2,60,50,50M,enp0s3,/home/clientvm/vm-client.ovpn,False,False,True,True,True,25.02426387231965,49.949582012509474,72.10978191071895,0.611500756734743,13.482,14.4,17.428,0.76,99.23664122137404,100.0,0.25216758209799034,,,C:\vpn-thesis\results\cpu_stress_openvpn_vm_5GHz_20260420T133230612935Z_r2_583d8375
cpu_stress_openvpn_vm_5GHz_20260420T134143489076Z_r3_24d0db6e,cpu_stress,openvpn,vm,VM,5GHz,ubuntu,3,1500,,,True,2,1.0,0.2,60,50,50M,enp0s3,/home/clientvm/vm-client.ovpn,False,False,True,True,True,9.25533260267834,49.999323036729436,80.16450028198106,1.583234628883372,13.811,15.468,27.963,2.735,99.29577464788733,100.0,0.09320973259434924,,,C:\vpn-thesis\results\cpu_stress_openvpn_vm_5GHz_20260420T134143489076Z_r3_24d0db6e
cpu_stress_openvpn_vm_5GHz_20260421T125412900798Z_r1_97ad9075,cpu_stress,openvpn,vm,WSL,5GHz,Aregae,1,1500,,,True,2,1.0,0.2,60,50,50M,eth0,/home/clientvm/vm-client.ovpn,False,False,True,True,True,84.84710969489933,49.999321501119525,0.12706178124309908,0.11035587309547289,13.415,15.867,25.55,2.3,49.66870229007634,55.0,1.7082610533968297,,,C:\vpn-thesis\results\cpu_stress_openvpn_wsl_5GHz_20260421T125412900798Z_r1_97ad9075
cpu_stress_openvpn_vm_5GHz_20260421T130313508999Z_r2_649a89c9,cpu_stress,openvpn,vm,WSL,5GHz,Aregae,2,1500,,,True,2,1.0,0.2,60,50,50M,eth0,/home/clientvm/vm-client.ovpn,False,False,True,True,True,55.191632495555446,49.992003082127376,0.03126040597753328,0.7087893644841002,13.836,19.661,45.379,6.65,99.22923076923077,100.0,0.5562033693872934,,,C:\vpn-thesis\results\cpu_stress_openvpn_wsl_5GHz_20260421T130313508999Z_r2_649a89c9
cpu_stress_openvpn_vm_5GHz_20260421T131220200876Z_r3_b6d6c612,cpu_stress,openvpn,vm,WSL,5GHz,Aregae,3,1500,,,True,2,1.0,0.2,60,50,50M,eth0,/home/clientvm/vm-client.ovpn,False,False,True,True,True,52.12066807112088,49.9937420622076,0.743058670037102,0.45824276374970857,14.204,19.972,36.946,6.02,99.23664122137404,100.0,0.5252159628705259,,,C:\vpn-thesis\results\cpu_stress_openvpn_wsl_5GHz_20260421T131220200876Z_r3_b6d6c612
cpu_stress_wireguard_pi_5GHz_20260420T094627522869Z_r1_adad7dc9,cpu_stress,wireguard,pi,RaspberryPi,5GHz,ubuntu,1,1500,,,True,2,1.0,0.2,60,50,50M,eth0,,False,False,True,True,True,89.835510264273,49.99939883440541,0.0,0.06199755399323367,12.74,13.183,16.521,0.637,55.760305343511455,60.5,1.6111014764148293,,,C:\vpn-thesis\results\cpu_stress_wireguard_pi_5GHz_20260420T094627522869Z_r1_adad7dc9
cpu_stress_wireguard_pi_5GHz_20260420T095523281792Z_r2_fe5b97d2,cpu_stress,wireguard,pi,RaspberryPi,5GHz,ubuntu,2,1500,,,True,2,1.0,0.2,60,50,50M,eth0,,False,False,True,True,True,89.89707208012723,49.999388001224,0.0,0.08406239691617895,12.828,13.636,30.03,2.594,99.23664122137404,100.0,0.9058858801920513,,,C:\vpn-thesis\results\cpu_stress_wireguard_pi_5GHz_20260420T095523281792Z_r2_fe5b97d2
cpu_stress_wireguard_pi_5GHz_20260420T100424154941Z_r3_9bb8b556,cpu_stress,wireguard,pi,RaspberryPi,5GHz,ubuntu,3,1500,,,True,2,1.0,0.2,60,50,50M,eth0,,False,False,True,True,True,77.07989261040335,49.999393834474944,0.0,0.0816371845508525,12.855,13.831,36.521,3.351,99.29078014184397,100.0,0.7763046327190624,,,C:\vpn-thesis\results\cpu_stress_wireguard_pi_5GHz_20260420T100424154941Z_r3_9bb8b556
cpu_stress_wireguard_vm_5GHz_20260420T132115355007Z_r1_b67fcc0f,cpu_stress,wireguard,vm,VM,5GHz,ubuntu,1,1500,,,True,2,1.0,0.2,60,50,50M,enp0s3,,False,False,True,True,True,76.58186437525471,49.9437697846244,2.1069928793134927,0.21048164947556858,13.739,14.861,29.415,2.148,97.19541984732825,100.0,0.7879163904590081,,,C:\vpn-thesis\results\cpu_stress_wireguard_vm_5GHz_20260420T132115355007Z_r1_b67fcc0f
cpu_stress_wireguard_vm_5GHz_20260420T133015159064Z_r2_d3b818e6,cpu_stress,wireguard,vm,VM,5GHz,ubuntu,2,1500,,,True,2,1.0,0.2,60,50,50M,enp0s3,,False,False,True,True,True,78.85531976433955,17.53603111321731,0.0,0.25288811042812137,13.833,23.599,62.163,15.777,99.17099236641221,100.0,0.7951450104783535,,,C:\vpn-thesis\results\cpu_stress_wireguard_vm_5GHz_20260420T133015159064Z_r2_d3b818e6
cpu_stress_wireguard_vm_5GHz_20260420T133927472063Z_r3_757f05a3,cpu_stress,wireguard,vm,VM,5GHz,ubuntu,3,1500,,,True,2,1.0,0.2,60,50,50M,enp0s3,,False,False,True,True,True,88.85780887021521,49.9586280773625,1.857858500651272,0.17096106824756446,13.595,15.794,28.375,2.878,99.23076923076923,100.0,0.8954662909401533,,,C:\vpn-thesis\results\cpu_stress_wireguard_vm_5GHz_20260420T133927472063Z_r3_757f05a3
cpu_stress_wireguard_vm_5GHz_20260421T125159050651Z_r1_46ecec74,cpu_stress,wireguard,vm,WSL,5GHz,Aregae,1,1500,,,True,2,1.0,0.2,60,50,50M,eth0,,False,False,True,True,True,87.9589915067544,49.99938216797441,0.10178024222968043,0.11858863817574963,12.816,16.452,27.522,2.949,26.52137404580153,30.7,3.3165322186871675,,,C:\vpn-thesis\results\cpu_stress_wireguard_wsl_5GHz_20260421T125159050651Z_r1_46ecec74
cpu_stress_wireguard_vm_5GHz_20260421T130058023093Z_r2_c14473b7,cpu_stress,wireguard,vm,WSL,5GHz,Aregae,2,1500,,,True,2,1.0,0.2,60,50,50M,eth0,,False,False,True,True,True,70.8213968060236,49.99921476809317,0.0882828260718885,0.2514953494247833,14.526,24.468,43.983,7.99,99.22748091603053,100.0,0.7137276503668871,,,C:\vpn-thesis\results\cpu_stress_wireguard_wsl_5GHz_20260421T130058023093Z_r2_c14473b7
cpu_stress_wireguard_vm_5GHz_20260421T131003389082Z_r3_91ac1af8,cpu_stress,wireguard,vm,WSL,5GHz,Aregae,3,1500,,,True,2,1.0,0.2,60,50,50M,eth0,,False,False,True,True,True,38.74481520678501,46.423659596697846,0.5147024155652297,0.1268912530287223,13.038,25.354,41.046,7.967,99.23664122137404,100.0,0.39042852246837206,,,C:\vpn-thesis\results\cpu_stress_wireguard_wsl_5GHz_20260421T131003389082Z_r3_91ac1af8
latency_ipsec_pi_5GHz_20260420T083218708803Z_r1_1e8576c5,latency,ipsec,pi,RaspberryPi,5GHz,ubuntu,1,1500,50.0,,False,2,1.0,0.2,60,50,50M,eth0,,False,False,True,True,True,75.97375996583698,49.999434167638015,0.17609235715329533,0.06214423880433136,62.517,62.675,62.848,0.082,10.48380281690141,26.9,7.246774981627493,,,C:\vpn-thesis\results\latency_ipsec_pi_5GHz_20260420T083218708803Z_r1_1e8576c5
latency_ipsec_pi_5GHz_20260420T084123475928Z_r2_c8f3757b,latency,ipsec,pi,RaspberryPi,5GHz,ubuntu,2,1500,50.0,,False,2,1.0,0.2,60,50,50M,eth0,,False,False,True,True,True,75.9884501026722,49.99943666760555,0.018997515709484145,0.07502785625404215,62.442,62.71,63.678,0.195,13.002112676056338,26.5,5.844315612077914,,,C:\vpn-thesis\results\latency_ipsec_pi_5GHz_20260420T084123475928Z_r2_c8f3757b
latency_ipsec_pi_5GHz_20260420T085038497481Z_r3_8e9875d5,latency,ipsec,pi,RaspberryPi,5GHz,ubuntu,3,1500,50.0,,False,2,1.0,0.2,60,50,50M,eth0,,False,False,True,True,True,75.84114674138604,49.99943166767072,0.061741926055823466,0.08874283440935266,62.448,62.769,67.046,0.622,12.925352112676057,26.9,5.867627131566317,,,C:\vpn-thesis\results\latency_ipsec_pi_5GHz_20260420T085038497481Z_r3_8e9875d5
latency_ipsec_vm_5GHz_20260420T115629674772Z_r1_85389478,latency,ipsec,vm,VM,5GHz,ubuntu,1,1500,50.0,,False,2,1.0,0.2,60,50,50M,enp0s3,,False,False,True,True,True,62.34727239109363,49.9994433341869,4.896975010960105,0.25872775371942475,63.59,77.943,126.863,16.451,12.363970588235293,33.0,5.042657772934127,,,C:\vpn-thesis\results\latency_ipsec_vm_5GHz_20260420T115629674772Z_r1_85389478
latency_ipsec_vm_5GHz_20260420T120536610327Z_r2_41303d14,latency,ipsec,vm,VM,5GHz,ubuntu,2,1500,50.0,,False,2,1.0,0.2,60,50,50M,enp0s3,,False,False,True,True,True,76.87808330765337,49.9987173492382,2.8229680804036255,0.24043175508917064,63.594,65.501,75.827,1.905,16.949612403100776,34.7,4.535683853961713,,,C:\vpn-thesis\results\latency_ipsec_vm_5GHz_20260420T120536610327Z_r2_41303d14
latency_ipsec_vm_5GHz_20260420T145917441340Z_r3_181a8431,latency,ipsec,vm,VM,5GHz,ubuntu,3,1500,50.0,,False,2,1.0,0.2,60,50,50M,enp0s3,,False,False,True,True,True,31.3144482119353,33.159198411289566,8.20987315358849,0.08875280232596362,65.263,117.817,294.023,68.099,99.24242424242425,100.0,0.31553489801339385,,,C:\vpn-thesis\results\latency_ipsec_vm_5GHz_20260420T121439071843Z_r3_6f19e0d3
latency_ipsec_vm_5GHz_20260421T111442434393Z_r1_8568cced,latency,ipsec,vm,WSL,5GHz,Aregae,1,1500,50.0,,False,2,1.0,0.2,60,50,50M,eth0,,False,False,True,True,True,23.549578507899703,49.997171976478455,0.1464995378505851,0.24603062751630156,63.12,65.663,70.54,1.511,0.49015151515151517,2.4,48.045507929563534,,,C:\vpn-thesis\results\latency_ipsec_wsl_5GHz_20260421T111442434393Z_r1_8568cced
latency_ipsec_vm_5GHz_20260421T112346739709Z_r2_091b4ddf,latency,ipsec,vm,WSL,5GHz,Aregae,2,1500,50.0,,False,2,1.0,0.2,60,50,50M,eth0,,False,False,True,True,True,35.695535497631575,49.9992456680496,0.23454710853101174,0.18018047838949552,64.256,67.544,115.699,7.196,4.824242424242424,12.4,7.399200197373379,,,C:\vpn-thesis\results\latency_ipsec_wsl_5GHz_20260421T112346739709Z_r2_091b4ddf
latency_ipsec_vm_5GHz_20260421T113249227078Z_r3_5f715d96,latency,ipsec,vm,WSL,5GHz,Aregae,3,1500,50.0,,False,2,1.0,0.2,60,50,50M,eth0,,False,False,True,True,True,35.89282319513614,49.9996035007864,0.0756244497133943,0.21730771990408165,64.315,66.245,72.851,1.676,2.7371212121212123,33.3,13.11334808125649,,,C:\vpn-thesis\results\latency_ipsec_wsl_5GHz_20260421T113249227078Z_r3_5f715d96
latency_openvpn_pi_5GHz_20260420T082750791467Z_r1_58fbe10e,latency,openvpn,pi,RaspberryPi,5GHz,ubuntu,1,1500,50.0,,False,2,1.0,0.2,60,50,50M,eth0,/home/pi-client/pi-client.ovpn,False,False,True,True,True,61.639845897356366,49.9993148345552,0.026159778491226283,0.10503533991124495,62.717,62.948,63.276,0.132,22.162121212121214,28.4,2.7813152589222123,,,C:\vpn-thesis\results\latency_openvpn_pi_5GHz_20260420T082750791467Z_r1_58fbe10e
latency_openvpn_pi_5GHz_20260420T083656795264Z_r2_bf314a85,latency,openvpn,pi,RaspberryPi,5GHz,ubuntu,2,1500,50.0,,False,2,1.0,0.2,60,50,50M,eth0,/home/pi-client/pi-client.ovpn,False,False,True,True,True,62.1473003113647,49.99931983447828,0.0,0.13875635191193558,62.652,63.34,73.303,1.905,22.698484848484846,27.8,2.7379492827915834,,,C:\vpn-thesis\results\latency_openvpn_pi_5GHz_20260420T083656795264Z_r2_bf314a85
latency_openvpn_pi_5GHz_20260420T084611569686Z_r3_68554d17,latency,openvpn,pi,RaspberryPi,5GHz,ubuntu,3,1500,50.0,,False,2,1.0,0.2,60,50,50M,eth0,/home/pi-client/pi-client.ovpn,False,False,True,True,True,55.43143796976066,49.99931983447828,0.027858465406240977,0.2248883905068811,62.778,63.065,66.072,0.448,21.07651515151515,27.8,2.6300096373273454,,,C:\vpn-thesis\results\latency_openvpn_pi_5GHz_20260420T084611569686Z_r3_68554d17
latency_openvpn_vm_5GHz_20260420T115158020606Z_r1_1326e733,latency,openvpn,vm,VM,5GHz,ubuntu,1,1500,50.0,,False,2,1.0,0.2,60,50,50M,enp0s3,/home/clientvm/vm-client.ovpn,False,False,True,True,True,67.33908225397848,49.99899650817846,10.992542764443085,0.4084953089356461,64.199,78.188,135.874,21.694,16.65419847328244,48.3,4.043369746193877,,,C:\vpn-thesis\results\latency_openvpn_vm_5GHz_20260420T115158020606Z_r1_1326e733
latency_openvpn_vm_5GHz_20260420T120106867887Z_r2_92b1d7ee,latency,openvpn,vm,VM,5GHz,ubuntu,2,1500,50.0,,False,2,1.0,0.2,60,50,50M,enp0s3,/home/clientvm/vm-client.ovpn,False,False,True,True,True,54.78978230871409,49.9983548678537,6.655795070410573,0.20898006808403094,64.017,77.344,156.663,17.728,18.97769230769231,43.4,2.88706242152034,,,C:\vpn-thesis\results\latency_openvpn_vm_5GHz_20260420T120106867887Z_r2_92b1d7ee
latency_openvpn_vm_5GHz_20260420T121008795094Z_r3_7660bc62,latency,openvpn,vm,VM,5GHz,ubuntu,3,1500,50.0,,False,2,1.0,0.2,60,50,50M,enp0s3,/home/clientvm/vm-client.ovpn,False,False,True,True,True,65.62961602176351,49.99931720350502,5.16025357912117,0.2260613762976375,64.385,70.286,163.133,14.207,17.490909090909092,45.7,3.7522129742172483,,,C:\vpn-thesis\results\latency_openvpn_vm_5GHz_20260420T121008795094Z_r3_7660bc62
latency_openvpn_vm_5GHz_20260421T111011326801Z_r1_3b47e861,latency,openvpn,vm,WSL,5GHz,Aregae,1,1500,50.0,,False,2,1.0,0.2,60,50,50M,eth0,/home/clientvm/vm-client.ovpn,False,False,True,True,True,46.26806073391355,49.99927983512174,0.08493434575073468,0.18417876232755817,64.393,67.519,107.483,5.982,2.881818181818182,6.6,16.055163030695553,,,C:\vpn-thesis\results\latency_openvpn_wsl_5GHz_20260421T111011326801Z_r1_3b47e861
latency_openvpn_vm_5GHz_20260421T111916016344Z_r2_63783394,latency,openvpn,vm,WSL,5GHz,Aregae,2,1500,50.0,,False,2,1.0,0.2,60,50,50M,eth0,/home/clientvm/vm-client.ovpn,False,False,True,True,True,30.40525740810445,49.999299834792005,0.0771203859416671,0.24627846196487,65.089,68.253,87.802,3.09,1.6931297709923665,50.0,17.958019479087838,,,C:\vpn-thesis\results\latency_openvpn_wsl_5GHz_20260421T111916016344Z_r2_63783394
latency_openvpn_vm_5GHz_20260421T112817605003Z_r3_feb31d04,latency,openvpn,vm,WSL,5GHz,Aregae,3,1500,50.0,,False,2,1.0,0.2,60,50,50M,eth0,/home/clientvm/vm-client.ovpn,False,False,True,True,True,45.29843336652654,49.998927473244834,0.12094691925094447,0.22721880739691375,65.371,68.464,74.894,2.124,5.6053030303030305,11.9,8.081353161753619,,,C:\vpn-thesis\results\latency_openvpn_wsl_5GHz_20260421T112817605003Z_r3_feb31d04
latency_wireguard_pi_5GHz_20260420T082527613659Z_r1_4a2ec550,latency,wireguard,pi,RaspberryPi,5GHz,ubuntu,1,1500,50.0,,False,2,1.0,0.2,60,50,50M,eth0,,False,False,True,True,True,76.1189460346291,49.999585400704824,0.0,0.0890420543566405,62.608,62.863,64.138,0.202,6.630985915492958,26.7,11.47928030683659,,,C:\vpn-thesis\results\latency_wireguard_pi_5GHz_20260420T082527613659Z_r1_4a2ec550
latency_wireguard_pi_5GHz_20260420T083443617577Z_r2_2cccaa25,latency,wireguard,pi,RaspberryPi,5GHz,ubuntu,2,1500,50.0,,False,2,1.0,0.2,60,50,50M,eth0,,False,False,True,True,True,89.18788652731631,49.999403001014905,0.002188822413541515,0.0989135051350646,62.659,63.292,70.475,1.481,18.478787878787877,33.7,4.826500910792782,,,C:\vpn-thesis\results\latency_wireguard_pi_5GHz_20260420T083443617577Z_r2_2cccaa25
latency_wireguard_pi_5GHz_20260420T084348339021Z_r3_5b608571,latency,wireguard,pi,RaspberryPi,5GHz,ubuntu,3,1500,50.0,,False,2,1.0,0.2,60,50,50M,eth0,,False,False,True,True,True,76.14222728642831,49.999403834336874,0.00036480373559025247,0.246078479646721,62.534,62.956,65.637,0.498,20.802816901408452,37.0,3.660188312346926,,,C:\vpn-thesis\results\latency_wireguard_pi_5GHz_20260420T084348339021Z_r3_5b608571
latency_wireguard_vm_5GHz_20260420T114940559438Z_r1_9bcd033b,latency,wireguard,vm,VM,5GHz,ubuntu,1,1500,50.0,,False,2,1.0,0.2,60,50,50M,enp0s3,,False,False,True,True,True,80.5065562392441,49.99984686724347,0.5180156353169927,0.2377020490354545,64.082,83.429,132.643,19.497,30.84044117647059,50.3,2.6104216790733132,,,C:\vpn-thesis\results\latency_wireguard_vm_5GHz_20260420T114940559438Z_r1_9bcd033b
latency_wireguard_vm_5GHz_20260420T115849625238Z_r2_4fc5d68c,latency,wireguard,vm,VM,5GHz,ubuntu,2,1500,50.0,,False,2,1.0,0.2,60,50,50M,enp0s3,,False,False,True,True,True,74.83443112173873,49.99937373704916,0.0313730068108609,0.24093519782817874,64.459,69.849,89.215,5.842,27.93161764705882,49.2,2.679201472229044,,,C:\vpn-thesis\results\latency_wireguard_vm_5GHz_20260420T115849625238Z_r2_4fc5d68c
latency_wireguard_vm_5GHz_20260420T120751719841Z_r3_cd7bb814,latency,wireguard,vm,VM,5GHz,ubuntu,3,1500,50.0,,False,2,1.0,0.2,60,50,50M,enp0s3,,False,False,True,True,True,75.17514310179737,49.998439699380974,0.00437764482708303,0.16997417781999657,64.009,78.869,105.957,12.726,29.838970588235295,51.1,2.51936114483242,,,C:\vpn-thesis\results\latency_wireguard_vm_5GHz_20260420T120751719841Z_r3_cd7bb814
latency_wireguard_vm_5GHz_20260421T110755958044Z_r1_304df2d2,latency,wireguard,vm,WSL,5GHz,Aregae,1,1500,50.0,,False,2,1.0,0.2,60,50,50M,eth0,,False,False,True,True,True,69.0014001711784,49.999328835469875,0.0036480373559025243,0.15395644631590935,64.878,67.304,73.695,1.813,7.124242424242424,16.1,9.68543685941679,,,C:\vpn-thesis\results\latency_wireguard_wsl_5GHz_20260421T110755958044Z_r1_304df2d2
latency_wireguard_vm_5GHz_20260421T111700366021Z_r2_532f6a5b,latency,wireguard,vm,WSL,5GHz,Aregae,2,1500,50.0,,False,2,1.0,0.2,60,50,50M,eth0,,False,False,True,True,True,72.0165626325278,49.99953540125441,0.0,0.15622335133355092,63.575,67.0,117.081,7.321,8.786363636363635,18.3,8.196401334276315,,,C:\vpn-thesis\results\latency_wireguard_wsl_5GHz_20260421T111700366021Z_r2_532f6a5b
latency_wireguard_vm_5GHz_20260421T112601927696Z_r3_dfee6529,latency,wireguard,vm,WSL,5GHz,Aregae,3,1500,50.0,,False,2,1.0,0.2,60,50,50M,eth0,,False,False,True,True,True,76.35699618419206,49.999235503860696,0.005472056033853786,0.16163843907640071,64.842,69.383,94.685,5.936,3.2234848484848486,9.1,23.68771679509601,,,C:\vpn-thesis\results\latency_wireguard_wsl_5GHz_20260421T112601927696Z_r3_dfee6529
loss_ipsec_pi_5GHz_20260420T085941210679Z_r1_9581190e,loss,ipsec,pi,RaspberryPi,5GHz,ubuntu,1,1500,,1.0,False,2,1.0,0.2,60,50,50M,eth0,,False,False,True,True,True,5.18661431561645,49.999437500928124,1.0236738272687418,0.079931087897263,12.757,24.937,41.674,6.581,0.6587786259541984,3.8,7.873076191723696,,,C:\vpn-thesis\results\loss_ipsec_pi_5GHz_20260420T085941210679Z_r1_9581190e
loss_ipsec_pi_5GHz_20260420T090833687897Z_r2_cfab23fc,loss,ipsec,pi,RaspberryPi,5GHz,ubuntu,2,1500,,1.0,False,2,1.0,0.2,60,50,50M,eth0,,False,False,True,True,True,9.111433748648844,49.99943833425072,1.0792050270349263,0.0841250536054733,12.477,12.746,18.209,0.793,10.990076335877863,100.0,0.8290600965985959,,,C:\vpn-thesis\results\loss_ipsec_pi_5GHz_20260420T090833687897Z_r2_cfab23fc
loss_ipsec_pi_5GHz_20260420T091736400904Z_r3_5d0b765d,loss,ipsec,pi,RaspberryPi,5GHz,ubuntu,3,1500,,1.0,False,2,1.0,0.2,60,50,50M,eth0,,False,False,True,True,True,9.028829329554945,49.99943666760555,1.1950168054946662,0.07789010779619453,12.469,12.753,14.965,0.352,10.264122137404579,23.2,0.8796494438284232,,,C:\vpn-thesis\results\loss_ipsec_pi_5GHz_20260420T091736400904Z_r3_5d0b765d
loss_ipsec_vm_5GHz_20260420T123406428502Z_r1_ced0c990,loss,ipsec,vm,VM,5GHz,ubuntu,1,1500,,1.0,False,2,1.0,0.2,60,50,50M,enp0s3,,False,False,True,True,True,9.485233980963896,49.9992583372147,1.3550343416630133,0.12929924384570646,13.423,13.894,15.88,0.479,14.39090909090909,34.3,0.6591129108692537,,,C:\vpn-thesis\results\loss_ipsec_vm_5GHz_20260420T123406428502Z_r1_ced0c990
loss_ipsec_vm_5GHz_20260420T124305056592Z_r2_6a98b15f,loss,ipsec,vm,VM,5GHz,ubuntu,2,1500,,1.0,False,2,1.0,0.2,60,50,50M,enp0s3,,False,False,True,True,True,8.6217079877262,49.95473610857032,4.65483350018634,0.10282299602003137,13.237,14.368,26.751,2.287,8.788095238095238,28.2,0.9810667447426183,,,C:\vpn-thesis\results\loss_ipsec_vm_5GHz_20260420T124305056592Z_r2_6a98b15f
loss_ipsec_vm_5GHz_20260420T125201652032Z_r3_106f2598,loss,ipsec,vm,VM,5GHz,ubuntu,3,1500,,1.0,False,2,1.0,0.2,60,50,50M,enp0s3,,False,False,True,True,True,9.679886309601914,49.90585461539818,1.4136861207047942,0.10973739532917233,13.436,14.273,27.98,2.172,12.941803278688525,100.0,0.7479549875048663,,,C:\vpn-thesis\results\loss_ipsec_vm_5GHz_20260420T125201652032Z_r3_106f2598
loss_ipsec_vm_5GHz_20260421T145059091820Z_r1_aaea393a,loss,ipsec,vm,WSL,5GHz,Aregae,1,1500,,1.0,False,2,1.0,0.2,60,50,50M,eth0,,False,False,True,True,True,5.5381279639803545,49.71673860598896,1.1841210941087863,0.1225344784174591,15.824,23.919,40.997,6.904,99.23664122137404,100.0,0.05580728948318665,,,C:\vpn-thesis\results\loss_ipsec_wsl_5GHz_20260421T145059091820Z_r1_aaea393a
loss_ipsec_vm_5GHz_20260421T150011384777Z_r2_f652c586,loss,ipsec,vm,WSL,5GHz,Aregae,2,1500,,1.0,False,2,1.0,0.2,60,50,50M,eth0,,False,False,True,True,True,5.724034866836147,49.99925316792383,1.213653418286637,0.18093454219567037,14.365,18.801,29.224,3.389,99.23664122137404,100.0,0.057680659042733486,,,C:\vpn-thesis\results\loss_ipsec_wsl_5GHz_20260421T150011384777Z_r2_f652c586
loss_ipsec_vm_5GHz_20260421T150916371434Z_r3_40dea1ca,loss,ipsec,vm,WSL,5GHz,Aregae,3,1500,,1.0,False,2,1.0,0.2,60,50,50M,eth0,,False,False,True,True,True,5.5692064406955,49.9952203237434,1.2089216886177228,0.16669782640285782,14.482,23.066,47.605,7.54,99.23664122137404,100.0,0.056120464902393113,,,C:\vpn-thesis\results\loss_ipsec_wsl_5GHz_20260421T150916371434Z_r3_40dea1ca
loss_openvpn_pi_5GHz_20260420T085515312356Z_r1_61662eb7,loss,openvpn,pi,RaspberryPi,5GHz,ubuntu,1,1500,,1.0,False,2,1.0,0.2,60,50,50M,eth0,/home/pi-client/pi-client.ovpn,False,False,True,True,True,7.698790376830355,49.999321501119525,0.9991676434116428,0.0995892460264785,12.672,12.952,13.825,0.179,12.222137404580153,24.8,0.6299054021390148,,,C:\vpn-thesis\results\loss_openvpn_pi_5GHz_20260420T085515312356Z_r1_61662eb7
loss_openvpn_pi_5GHz_20260420T090407028839Z_r2_b86531c0,loss,openvpn,pi,RaspberryPi,5GHz,ubuntu,2,1500,,1.0,False,2,1.0,0.2,60,50,50M,eth0,/home/pi-client/pi-client.ovpn,False,False,True,True,True,7.9626697065716705,49.9993190011577,1.0107187144337426,0.12032389341488922,12.703,12.949,13.201,0.102,1.713740458015267,7.1,4.646368514747834,,,C:\vpn-thesis\results\loss_openvpn_pi_5GHz_20260420T090407028839Z_r2_b86531c0
loss_openvpn_pi_5GHz_20260420T091259816350Z_r3_033d5cee,loss,openvpn,pi,RaspberryPi,5GHz,ubuntu,3,1500,,1.0,False,2,1.0,0.2,60,50,50M,eth0,/home/pi-client/pi-client.ovpn,False,False,True,True,True,6.753496646172745,49.999315667875656,1.048089826564066,0.12672440026539783,12.682,12.914,13.201,0.118,9.412056737588651,26.6,0.7175367546608071,,,C:\vpn-thesis\results\loss_openvpn_pi_5GHz_20260420T091259816350Z_r3_033d5cee
loss_openvpn_vm_5GHz_20260420T122939323201Z_r1_7f512d88,loss,openvpn,vm,VM,5GHz,ubuntu,1,1500,,1.0,False,2,1.0,0.2,60,50,50M,enp0s3,/home/clientvm/vm-client.ovpn,False,False,True,True,True,8.435318076110299,49.999342774169996,1.33107750010192,0.1762767129160606,13.689,14.033,18.051,0.597,18.413846153846155,46.7,0.4580964783584004,,,C:\vpn-thesis\results\loss_openvpn_vm_5GHz_20260420T122939323201Z_r1_7f512d88
loss_openvpn_vm_5GHz_20260420T123838090971Z_r2_410f6d7f,loss,openvpn,vm,VM,5GHz,ubuntu,2,1500,,1.0,False,2,1.0,0.2,60,50,50M,enp0s3,/home/clientvm/vm-client.ovpn,False,False,True,True,True,8.251604156410595,49.9992322052466,2.001386123813471,0.20525043098460535,13.594,14.103,20.486,1.197,16.905833333333334,42.9,0.48809212735706187,,,C:\vpn-thesis\results\loss_openvpn_vm_5GHz_20260420T123838090971Z_r2_410f6d7f
loss_openvpn_vm_5GHz_20260420T124734228897Z_r3_041cff08,loss,openvpn,vm,VM,5GHz,ubuntu,3,1500,,1.0,False,2,1.0,0.2,60,50,50M,enp0s3,/home/clientvm/vm-client.ovpn,False,False,True,True,True,8.3403019482224,49.99931040597648,1.014788667796852,0.19947675701799,13.7,14.65,43.983,4.24,20.325384615384618,45.7,0.4103391943643462,,,C:\vpn-thesis\results\loss_openvpn_vm_5GHz_20260420T124734228897Z_r3_041cff08
loss_openvpn_vm_5GHz_20260421T144626569254Z_r1_3cd5d68c,loss,openvpn,vm,WSL,5GHz,Aregae,1,1500,,1.0,False,2,1.0,0.2,60,50,50M,eth0,/home/clientvm/vm-client.ovpn,False,False,True,True,True,5.229851155320466,49.98695845347702,4.260705281113444,0.24117304599924738,13.905,23.825,62.47,10.24,100.0,100.0,0.05229851155320466,,,C:\vpn-thesis\results\loss_openvpn_wsl_5GHz_20260421T144626569254Z_r1_3cd5d68c
loss_openvpn_vm_5GHz_20260421T145537103335Z_r2_9a44c012,loss,openvpn,vm,WSL,5GHz,Aregae,2,1500,,1.0,False,2,1.0,0.2,60,50,50M,eth0,/home/clientvm/vm-client.ovpn,False,False,True,True,True,4.825557725318267,49.99909817218285,1.5729840833036064,0.324541153646048,14.588,18.642,31.018,3.376,99.23664122137404,100.0,0.048626774001284075,,,C:\vpn-thesis\results\loss_openvpn_wsl_5GHz_20260421T145537103335Z_r2_9a44c012
loss_openvpn_vm_5GHz_20260421T150442586097Z_r3_12163a00,loss,openvpn,vm,WSL,5GHz,Aregae,3,1500,,1.0,False,2,1.0,0.2,60,50,50M,eth0,/home/clientvm/vm-client.ovpn,False,False,True,True,True,4.59048490998629,49.991842874150784,5.202160913291656,0.323057139920323,14.72,22.491,50.144,7.498,99.23664122137404,100.0,0.046257963323708,,,C:\vpn-thesis\results\loss_openvpn_wsl_5GHz_20260421T150442586097Z_r3_12163a00
loss_wireguard_pi_5GHz_20260420T085303352935Z_r1_a1914796,loss,wireguard,pi,RaspberryPi,5GHz,ubuntu,1,1500,,1.0,False,2,1.0,0.2,60,50,50M,eth0,,False,False,True,True,True,9.145284816674225,49.999403834336874,1.007223113964687,0.0830886453537213,12.606,13.017,17.227,0.684,10.235114503816794,100.0,0.8935205183355635,,,C:\vpn-thesis\results\loss_wireguard_pi_5GHz_20260420T085303352935Z_r1_a1914796
loss_wireguard_pi_5GHz_20260420T090155018033Z_r2_b22cf938,loss,wireguard,pi,RaspberryPi,5GHz,ubuntu,2,1500,,1.0,False,2,1.0,0.2,60,50,50M,eth0,,False,False,True,True,True,8.675723980466206,49.99940466765889,0.9722019553480228,0.091522602170536,12.615,12.91,14.398,0.241,12.027480916030534,30.7,0.7213251088100234,,,C:\vpn-thesis\results\loss_wireguard_pi_5GHz_20260420T090155018033Z_r2_b22cf938
loss_wireguard_pi_5GHz_20260420T091047618262Z_r3_43e2d333,loss,wireguard,pi,RaspberryPi,5GHz,ubuntu,3,1500,,1.0,False,2,1.0,0.2,60,50,50M,eth0,,False,False,True,True,True,8.720020687695564,49.9993680015168,1.0108711513205895,0.10821870943322238,12.625,13.287,25.169,1.87,10.764885496183206,23.6,0.8100430506936029,,,C:\vpn-thesis\results\loss_wireguard_pi_5GHz_20260420T091047618262Z_r3_43e2d333
loss_wireguard_vm_5GHz_20260420T122720839898Z_r1_da3cbf50,loss,wireguard,vm,VM,5GHz,ubuntu,1,1500,,1.0,False,2,1.0,0.2,60,50,50M,enp0s3,,False,False,True,True,True,8.453757500961347,49.998458503622516,1.122521569414297,0.16446099287256016,13.967,14.521,17.608,0.616,17.97463768115942,32.8,0.4703158779006917,,,C:\vpn-thesis\results\loss_wireguard_vm_5GHz_20260420T122720839898Z_r1_da3cbf50
loss_wireguard_vm_5GHz_20260420T123619835946Z_r2_63b51b83,loss,wireguard,vm,VM,5GHz,ubuntu,2,1500,,1.0,False,2,1.0,0.2,60,50,50M,enp0s3,,False,False,True,True,True,8.130278823654631,49.999303835897535,1.2334014300306435,0.13298765849389618,13.882,14.585,22.841,1.285,15.768115942028986,100.0,0.515615109220744,,,C:\vpn-thesis\results\loss_wireguard_vm_5GHz_20260420T123619835946Z_r2_63b51b83
loss_wireguard_vm_5GHz_20260420T124518945532Z_r3_9b5529c2,loss,wireguard,vm,VM,5GHz,ubuntu,3,1500,,1.0,False,2,1.0,0.2,60,50,50M,enp0s3,,False,False,True,True,True,7.78947432941533,49.999118839839234,1.1024368889537428,0.12128500008621962,13.907,14.24,15.364,0.273,18.061194029850746,31.4,0.431282356888544,,,C:\vpn-thesis\results\loss_wireguard_vm_5GHz_20260420T124518945532Z_r3_9b5529c2
loss_wireguard_vm_5GHz_20260421T144406758720Z_r1_554feb29,loss,wireguard,vm,WSL,5GHz,Aregae,1,1500,,1.0,False,2,1.0,0.2,60,50,50M,eth0,,False,False,True,True,True,4.591197863867856,48.14307434953884,0.990279051089913,0.22939668616834288,15.993,23.204,39.002,5.614,99.23664122137404,100.0,0.04626514770512993,,,C:\vpn-thesis\results\loss_wireguard_wsl_5GHz_20260421T144406758720Z_r1_554feb29
loss_wireguard_vm_5GHz_20260421T145318100341Z_r2_134b2adb,loss,wireguard,vm,WSL,5GHz,Aregae,2,1500,,1.0,False,2,1.0,0.2,60,50,50M,eth0,,False,False,True,True,True,5.385046505850946,43.281626204526496,1.002460853882587,0.5020488927806502,14.115,22.899,46.805,7.336,99.23664122137404,100.0,0.05426469940511338,,,C:\vpn-thesis\results\loss_wireguard_wsl_5GHz_20260421T145318100341Z_r2_134b2adb
loss_wireguard_vm_5GHz_20260421T150228042863Z_r3_4464af56,loss,wireguard,vm,WSL,5GHz,Aregae,3,1500,,1.0,False,2,1.0,0.2,60,50,50M,eth0,,False,False,True,True,True,5.146281590566602,41.27843084620567,1.0066699059145723,0.3933431471522974,14.987,36.493,60.426,13.107,99.23664122137404,100.0,0.05185868372032499,,,C:\vpn-thesis\results\loss_wireguard_wsl_5GHz_20260421T150228042863Z_r3_4464af56
mobility_ipsec_pi_5GHz_20260420T102108584083Z_r1_41927341,mobility,ipsec,pi,RaspberryPi,5GHz,ubuntu,1,1500,,,False,2,1.0,0.2,60,50,50M,eth0,,True,True,True,True,True,76.3240275230717,32.10161803743893,0.009102597653805455,0.108571957604285,12.596,12.801,13.028,0.097,99.29078014184397,100.0,0.7686919914823651,5262.0,3500.0,C:\vpn-thesis\results\mobility_ipsec_pi_5GHz_20260420T102108584083Z_r1_41927341
mobility_ipsec_pi_5GHz_20260420T103054945430Z_r2_c2d0ed41,mobility,ipsec,pi,RaspberryPi,5GHz,ubuntu,2,1500,,,False,2,1.0,0.2,60,50,50M,eth0,,True,True,True,True,True,88.88753562169836,32.13041255304739,0.17165723120296478,0.0617799809698413,12.542,12.845,15.395,0.407,99.23664122137404,100.0,0.8957128589571143,5334.0,3391.0,C:\vpn-thesis\results\mobility_ipsec_pi_5GHz_20260420T103054945430Z_r2_c2d0ed41
mobility_ipsec_pi_5GHz_20260420T104030103353Z_r3_afbafd28,mobility,ipsec,pi,RaspberryPi,5GHz,ubuntu,3,1500,,,False,2,1.0,0.2,60,50,50M,eth0,,True,True,True,True,True,76.22700685804045,32.25756380786194,0.06908541108650966,0.06187259575890427,12.602,12.843,14.197,0.248,99.29078014184397,100.0,0.7677148547845504,5230.0,3499.0,C:\vpn-thesis\results\mobility_ipsec_pi_5GHz_20260420T104030103353Z_r3_afbafd28
mobility_ipsec_vm_5GHz_20260420T135557448587Z_r1_67e92def,mobility,ipsec,vm,VM,5GHz,ubuntu,1,1500,,,False,2,1.0,0.2,60,50,50M,enp0s3,,True,True,True,True,True,26.6059963381297,18.906855792308633,18.545942501882493,0.13401987591829814,13.445,14.942,30.119,2.495,99.3006993006993,100.0,0.26793362509524976,4961.0,3330.0,C:\vpn-thesis\results\mobility_ipsec_vm_5GHz_20260420T135557448587Z_r1_67e92def
mobility_ipsec_vm_5GHz_20260420T140547507195Z_r2_fcf73553,mobility,ipsec,vm,VM,5GHz,ubuntu,2,1500,,,False,2,1.0,0.2,60,50,50M,enp0s3,,True,True,True,True,True,20.44757624484274,12.560087336848953,0.024678096012310014,0.14514917629869317,13.586,14.41,20.189,1.095,99.29078014184397,100.0,0.20593630360877332,4699.0,3492.0,C:\vpn-thesis\results\mobility_ipsec_vm_5GHz_20260420T140547507195Z_r2_fcf73553
mobility_ipsec_vm_5GHz_20260420T141537298357Z_r3_f95d0b52,mobility,ipsec,vm,VM,5GHz,ubuntu,3,1500,,,False,2,1.0,0.2,60,50,50M,enp0s3,,True,True,True,True,True,35.616454820081124,10.593991712154038,0.15848952590959206,0.11293133488076257,13.447,14.675,21.697,1.418,99.23664122137404,100.0,0.35890427549466364,5087.0,3292.0,C:\vpn-thesis\results\mobility_ipsec_vm_5GHz_20260420T141537298357Z_r3_f95d0b52
mobility_ipsec_vm_5GHz_20260421T132624525933Z_r1_ac33f680,mobility,ipsec,vm,WSL,5GHz,Aregae,1,1500,,,False,2,1.0,0.2,60,50,50M,eth0,,True,True,True,True,True,87.43751615517422,49.96818962258276,0.809564187658075,0.7138769093929597,14.072,17.525,42.628,4.313,99.23664122137404,100.0,0.8811011243329095,4748.0,3114.0,C:\vpn-thesis\results\mobility_ipsec_wsl_5GHz_20260421T132624525933Z_r1_ac33f680
mobility_ipsec_vm_5GHz_20260421T133602441373Z_r2_85ae3c91,mobility,ipsec,vm,WSL,5GHz,Aregae,2,1500,,,False,2,1.0,0.2,60,50,50M,eth0,,True,True,True,True,True,60.32923434140764,49.988072716007096,0.06941602852633424,0.43446141135710786,13.995,17.245,27.82,3.141,99.23076923076923,100.0,0.6079690282467437,4865.0,3197.0,C:\vpn-thesis\results\mobility_ipsec_wsl_5GHz_20260421T133602441373Z_r2_85ae3c91
mobility_ipsec_vm_5GHz_20260421T134535203557Z_r3_0d2af3fd,mobility,ipsec,vm,WSL,5GHz,Aregae,3,1500,,,False,2,1.0,0.2,60,50,50M,eth0,,True,True,True,True,True,60.466725222294585,49.927893863377555,0.060732892349119,0.224297601403615,14.054,16.88,29.716,2.624,99.23664122137404,100.0,0.609318538778507,4964.0,2776.0,C:\vpn-thesis\results\mobility_ipsec_wsl_5GHz_20260421T134535203557Z_r3_0d2af3fd
mobility_openvpn_pi_5GHz_20260420T101625261620Z_r1_1411466e,mobility,openvpn,pi,RaspberryPi,5GHz,ubuntu,1,1500,,,False,2,1.0,0.2,60,50,50M,eth0,/home/pi-client/pi-client.ovpn,True,True,True,True,True,12.070093476260153,49.99930983463315,65.50612376632863,0.852934729300228,13.048,13.348,16.961,0.568,99.24242424242425,100.0,0.12162231594399543,7529.0,5626.0,C:\vpn-thesis\results\mobility_openvpn_pi_5GHz_20260420T101625261620Z_r1_1411466e
mobility_openvpn_pi_5GHz_20260420T102609403576Z_r2_20fe588e,mobility,openvpn,pi,RaspberryPi,5GHz,ubuntu,2,1500,,,False,2,1.0,0.2,60,50,50M,eth0,/home/pi-client/pi-client.ovpn,True,True,True,True,True,12.19368478748518,49.999306501352315,66.0588764884744,1.42558637672425,13.007,13.247,13.598,0.117,99.24242424242425,100.0,0.12286766350748425,7526.0,5623.0,C:\vpn-thesis\results\mobility_openvpn_pi_5GHz_20260420T102609403576Z_r2_20fe588e
mobility_openvpn_pi_5GHz_20260420T103546292989Z_r3_a3acdd53,mobility,openvpn,pi,RaspberryPi,5GHz,ubuntu,3,1500,,,False,2,1.0,0.2,60,50,50M,eth0,/home/pi-client/pi-client.ovpn,True,True,True,True,True,12.667798133328587,49.99930983463315,66.30416687900254,0.644313200345944,12.992,13.78,27.439,2.227,99.24242424242425,100.0,0.12764498882437963,7597.0,5631.0,C:\vpn-thesis\results\mobility_openvpn_pi_5GHz_20260420T103546292989Z_r3_a3acdd53
mobility_openvpn_vm_5GHz_20260420T135112235627Z_r1_8a18dd9c,mobility,openvpn,vm,VM,5GHz,ubuntu,1,1500,,,False,2,1.0,0.2,60,50,50M,enp0s3,/home/clientvm/vm-client.ovpn,True,True,True,True,True,6.994738540911985,49.96078181702214,84.56103984368363,5.26260903232585,13.705,17.209,53.716,8.447,99.24812030075188,100.0,0.07047728984403742,7454.0,5536.0,C:\vpn-thesis\results\mobility_openvpn_vm_5GHz_20260420T135112235627Z_r1_8a18dd9c
mobility_openvpn_vm_5GHz_20260420T140101113315Z_r2_b0d1dc8b,mobility,openvpn,vm,VM,5GHz,ubuntu,2,1500,,,False,2,1.0,0.2,60,50,50M,enp0s3,/home/clientvm/vm-client.ovpn,True,True,True,True,True,7.442742064987892,49.999060673116716,82.69038033600027,0.994945566395817,13.6,15.324,28.446,2.45,99.24812030075188,100.0,0.07499126474571134,7397.0,5296.0,C:\vpn-thesis\results\mobility_openvpn_vm_5GHz_20260420T140101113315Z_r2_b0d1dc8b
mobility_openvpn_vm_5GHz_20260420T141050210690Z_r3_218bf449,mobility,openvpn,vm,VM,5GHz,ubuntu,3,1500,,,False,2,1.0,0.2,60,50,50M,enp0s3,/home/clientvm/vm-client.ovpn,True,True,True,True,True,6.882126074513942,49.997942318210484,83.0882078147986,2.843622337773176,13.771,15.204,23.482,1.936,99.26470588235294,100.0,0.06933104786177008,7261.0,5475.0,C:\vpn-thesis\results\mobility_openvpn_vm_5GHz_20260420T141050210690Z_r3_218bf449
mobility_openvpn_vm_5GHz_20260421T132137007236Z_r1_599011eb,mobility,openvpn,vm,WSL,5GHz,Aregae,1,1500,,,False,2,1.0,0.2,60,50,50M,eth0,/home/clientvm/vm-client.ovpn,True,True,True,True,True,57.5994101231929,49.98854826443377,1.080741332155537,0.04403629984949045,14.235,20.357,31.275,5.077,99.23664122137404,100.0,0.5804248250875592,7325.0,5332.0,C:\vpn-thesis\results\mobility_openvpn_wsl_5GHz_20260421T132137007236Z_r1_599011eb
mobility_openvpn_vm_5GHz_20260421T133116879124Z_r2_74147fde,mobility,openvpn,vm,WSL,5GHz,Aregae,2,1500,,,False,2,1.0,0.2,60,50,50M,eth0,/home/clientvm/vm-client.ovpn,True,True,True,True,True,59.131914286725404,49.999337334216904,0.5530924595287843,0.19686839648117188,12.977,17.685,34.538,4.338,99.23664122137404,100.0,0.5958677516585407,7196.0,5303.0,C:\vpn-thesis\results\mobility_openvpn_wsl_5GHz_20260421T133116879124Z_r2_74147fde
mobility_openvpn_vm_5GHz_20260421T134049996665Z_r3_530e1047,mobility,openvpn,vm,WSL,5GHz,Aregae,3,1500,,,False,2,1.0,0.2,60,50,50M,eth0,/home/clientvm/vm-client.ovpn,True,True,True,True,True,60.4348988145681,49.99054063549447,0.2779514502405741,0.19647983317677206,14.053,21.988,37.368,6.795,100.0,100.0,0.604348988145681,7242.0,5209.0,C:\vpn-thesis\results\mobility_openvpn_wsl_5GHz_20260421T134049996665Z_r3_530e1047
mobility_wireguard_pi_5GHz_20260420T101351080901Z_r1_a84c3cb4,mobility,wireguard,pi,RaspberryPi,5GHz,ubuntu,1,1500,,,False,2,1.0,0.2,60,50,50M,eth0,,True,True,True,True,True,77.0710529247396,46.556817635606684,0.0003917789113247612,0.0777275567448895,12.938,13.094,13.416,0.105,99.29078014184397,100.0,0.776215604456306,4617.0,2512.0,C:\vpn-thesis\results\mobility_wireguard_pi_5GHz_20260420T101351080901Z_r1_a84c3cb4
mobility_wireguard_pi_5GHz_20260420T102345364554Z_r2_5753b04f,mobility,wireguard,pi,RaspberryPi,5GHz,ubuntu,2,1500,,,False,2,1.0,0.2,60,50,50M,eth0,,True,True,True,True,True,89.79584230534677,46.409671718786115,0.0003930014305252071,0.1567016530102453,12.9,13.714,38.169,3.523,99.23664122137404,100.0,0.9048657955384943,4710.0,2458.0,C:\vpn-thesis\results\mobility_wireguard_pi_5GHz_20260420T102345364554Z_r2_5753b04f
mobility_wireguard_pi_5GHz_20260420T103321746017Z_r3_f1ddb964,mobility,wireguard,pi,RaspberryPi,5GHz,ubuntu,3,1500,,,False,2,1.0,0.2,60,50,50M,eth0,,True,True,True,True,True,89.85182051460873,45.8181084000673,0.0,0.078748061689758,12.909,13.241,16.104,0.511,99.23664122137404,100.0,0.9054298836472111,4660.0,2618.0,C:\vpn-thesis\results\mobility_wireguard_pi_5GHz_20260420T103321746017Z_r3_f1ddb964
mobility_wireguard_vm_5GHz_20260420T134845616885Z_r1_09147761,mobility,wireguard,vm,VM,5GHz,ubuntu,1,1500,,,False,2,1.0,0.2,60,50,50M,enp0s3,,True,True,True,True,True,81.35851648690067,8.282446406780487,0.0,0.23438676222801325,14.072,16.686,27.967,3.464,99.23863636363636,100.0,0.8198270297546386,4870.0,2848.0,C:\vpn-thesis\results\mobility_wireguard_vm_5GHz_20260420T134845616885Z_r1_09147761
mobility_wireguard_vm_5GHz_20260420T135836094864Z_r2_6087c917,mobility,wireguard,vm,VM,5GHz,ubuntu,2,1500,,,False,2,1.0,0.2,60,50,50M,enp0s3,,True,True,True,True,True,89.0980037211978,49.596528375994914,8.55794726951098,0.16923510727681296,13.73,14.92,28.829,2.187,99.23664122137404,100.0,0.8978337298059162,4816.0,2994.0,C:\vpn-thesis\results\mobility_wireguard_vm_5GHz_20260420T135836094864Z_r2_6087c917
mobility_wireguard_vm_5GHz_20260420T140823688573Z_r3_33c1d767,mobility,wireguard,vm,VM,5GHz,ubuntu,3,1500,,,False,2,1.0,0.2,60,50,50M,enp0s3,,True,True,True,True,True,79.32142345434737,8.32428746952082,0.0,0.1986888714038606,13.847,15.354,26.15,2.617,99.24242424242425,100.0,0.7992693050361719,4778.0,2914.0,C:\vpn-thesis\results\mobility_wireguard_vm_5GHz_20260420T140823688573Z_r3_33c1d767
mobility_wireguard_vm_5GHz_20260421T131912940974Z_r1_9ae5579c,mobility,wireguard,vm,WSL,5GHz,Aregae,1,1500,,,False,2,1.0,0.2,60,50,50M,eth0,,True,True,True,True,True,36.880847923557475,45.359179836943184,0.07559916358372205,0.12662294884118414,14.013,27.805,54.43,9.32,99.23664122137404,100.0,0.37164546753738686,4722.0,2368.0,C:\vpn-thesis\results\mobility_wireguard_wsl_5GHz_20260421T131912940974Z_r1_9ae5579c
mobility_wireguard_vm_5GHz_20260421T132849380334Z_r2_869c57b7,mobility,wireguard,vm,WSL,5GHz,Aregae,2,1500,,,False,2,1.0,0.2,60,50,50M,eth0,,True,True,True,True,True,41.073403371379705,48.80071534608247,0.130817647674436,0.3989322441588218,14.511,25.045,49.46,7.504,99.23664122137404,100.0,0.41389352628082626,4950.0,3304.0,C:\vpn-thesis\results\mobility_wireguard_wsl_5GHz_20260421T132849380334Z_r2_869c57b7
mobility_wireguard_vm_5GHz_20260421T133827230777Z_r3_f171ec93,mobility,wireguard,vm,WSL,5GHz,Aregae,3,1500,,,False,2,1.0,0.2,60,50,50M,eth0,,True,True,True,True,True,50.47765220948841,48.0999476456715,0.507263959236905,0.12575384708097728,14.438,29.769,69.315,12.106,99.23664122137404,100.0,0.5086594184186909,4553.0,2447.0,C:\vpn-thesis\results\mobility_wireguard_wsl_5GHz_20260421T133827230777Z_r3_f171ec93
mtu_ipsec_pi_5GHz_20260420T092628882453Z_r1_8f24a99c,mtu,ipsec,pi,RaspberryPi,5GHz,ubuntu,1,1400,,,False,2,1.0,0.2,60,50,50M,eth0,,False,False,True,True,True,88.57657435997311,49.999320667798884,0.0682872139835907,0.06657356910289892,12.43,12.728,13.029,0.099,4.116030534351145,17.2,21.519902153480114,,,C:\vpn-thesis\results\mtu_ipsec_pi_5GHz_20260420T092628882453Z_r1_8f24a99c
mtu_ipsec_pi_5GHz_20260420T093521365858Z_r2_2b3f83fd,mtu,ipsec,pi,RaspberryPi,5GHz,ubuntu,2,1400,,,False,2,1.0,0.2,60,50,50M,eth0,,False,False,True,True,True,88.5967536782357,49.999490534182435,0.0835751122828236,0.06052397482033903,12.475,12.703,13.217,0.123,3.06793893129771,24.4,28.87826507053714,,,C:\vpn-thesis\results\mtu_ipsec_pi_5GHz_20260420T093521365858Z_r2_2b3f83fd
mtu_ipsec_pi_5GHz_20260420T094413839719Z_r3_cc450a06,mtu,ipsec,pi,RaspberryPi,5GHz,ubuntu,3,1400,,,False,2,1.0,0.2,60,50,50M,eth0,,False,False,True,True,True,88.61971794684676,49.999490534182435,0.09308772668899866,0.0654540071834963,12.453,12.992,20.912,1.539,5.069465648854962,18.5,17.481076721934837,,,C:\vpn-thesis\results\mtu_ipsec_pi_5GHz_20260420T094413839719Z_r3_cc450a06
mtu_ipsec_vm_5GHz_20260420T130100519691Z_r1_21f3e58b,mtu,ipsec,vm,VM,5GHz,ubuntu,1,1400,,,False,2,1.0,0.2,60,50,50M,enp0s3,,False,False,True,True,True,73.7600650333009,49.996147961710015,0.07168872822157593,0.13715921439956139,13.422,13.868,17.851,0.782,33.48682170542636,53.8,2.2026594724977584,,,C:\vpn-thesis\results\mtu_ipsec_vm_5GHz_20260420T130100519691Z_r1_21f3e58b
mtu_ipsec_vm_5GHz_20260420T130956812955Z_r2_c03efa2d,mtu,ipsec,vm,VM,5GHz,ubuntu,2,1400,,,False,2,1.0,0.2,60,50,50M,enp0s3,,False,False,True,True,True,73.49956779958282,49.9880653304334,0.032282289935741254,0.12067168431076636,13.344,14.403,24.784,2.122,33.91374045801527,50.3,2.1672504066773244,,,C:\vpn-thesis\results\mtu_ipsec_vm_5GHz_20260420T130956812955Z_r2_c03efa2d
mtu_ipsec_vm_5GHz_20260420T131901711634Z_r3_87801b2b,mtu,ipsec,vm,VM,5GHz,ubuntu,3,1400,,,False,2,1.0,0.2,60,50,50M,enp0s3,,False,False,True,True,True,71.33670082471579,49.9927906067311,0.0642116742939264,0.14327272700552582,13.327,13.827,18.75,0.733,31.997619047619047,53.6,2.229437781559687,,,C:\vpn-thesis\results\mtu_ipsec_vm_5GHz_20260420T131901711634Z_r3_87801b2b
mtu_ipsec_vm_5GHz_20260424T025441543209Z_r1_6ffe97ef,mtu,ipsec,vm,WSL,5GHz,Aregae,1,1480,,,False,2,1.0,0.2,60,50,50M,eth0,,False,False,True,True,True,81.95682301947465,49.99923546962285,0.10001660925641082,0.14431400726830387,13.994,17.106,30.289,3.14,0.9122137404580153,75.0,89.84388130168351,,,C:\vpn-thesis\results\mtu_ipsec_wsl_5GHz_20260424T025441543209Z_r1_6ffe97ef
mtu_ipsec_vm_5GHz_20260424T030344893309Z_r2_af16e5fc,mtu,ipsec,vm,WSL,5GHz,Aregae,2,1480,,,False,2,1.0,0.2,60,50,50M,eth0,,False,False,True,True,True,85.93444335472934,49.9993654674704,0.07438058305711417,0.16228490459261033,12.6,16.134,29.314,4.158,0.25725190839694656,9.2,334.0478361860399,,,C:\vpn-thesis\results\mtu_ipsec_wsl_5GHz_20260424T030344893309Z_r2_af16e5fc
mtu_ipsec_vm_5GHz_20260424T031303579274Z_r3_e0d80c6f,mtu,ipsec,vm,WSL,5GHz,Aregae,3,1480,,,False,2,1.0,0.2,60,50,50M,eth0,,False,False,True,True,True,88.81654622759703,49.99937630065489,0.2520274124944937,0.09413318173102583,13.847,15.495,23.501,1.96,0.8618320610687024,100.0,103.05551422334109,,,C:\vpn-thesis\results\mtu_ipsec_wsl_5GHz_20260424T031303579274Z_r3_e0d80c6f
mtu_openvpn_pi_5GHz_20260420T092202291362Z_r1_7b4a5427,mtu,openvpn,pi,RaspberryPi,5GHz,ubuntu,1,1400,,,False,2,1.0,0.2,60,50,50M,eth0,/home/pi-client/pi-client.ovpn,False,False,True,True,True,67.85482752913053,49.999321501119525,0.0227624046611969,0.0891534361000346,12.643,13.174,17.529,0.966,12.16030534351145,27.7,5.580026620411864,,,C:\vpn-thesis\results\mtu_openvpn_pi_5GHz_20260420T092202291362Z_r1_7b4a5427
mtu_openvpn_pi_5GHz_20260420T093054446027Z_r2_4425ee7c,mtu,openvpn,pi,RaspberryPi,5GHz,ubuntu,2,1400,,,False,2,1.0,0.2,60,50,50M,eth0,/home/pi-client/pi-client.ovpn,False,False,True,True,True,74.09910262141943,49.999313167914416,0.05537719342947901,0.11027043439734457,12.76,12.973,13.462,0.135,29.365648854961833,38.8,2.523325910058994,,,C:\vpn-thesis\results\mtu_openvpn_pi_5GHz_20260420T093054446027Z_r2_4425ee7c
mtu_openvpn_pi_5GHz_20260420T093947024933Z_r3_d6c35871,mtu,openvpn,pi,RaspberryPi,5GHz,ubuntu,3,1400,,,False,2,1.0,0.2,60,50,50M,eth0,/home/pi-client/pi-client.ovpn,False,False,True,True,True,67.2657085032164,49.99932233444019,0.013589495320117549,0.10551768908992278,12.681,13.251,26.504,1.926,22.68702290076336,27.6,2.9649420639035493,,,C:\vpn-thesis\results\mtu_openvpn_pi_5GHz_20260420T093947024933Z_r3_d6c35871
mtu_openvpn_vm_5GHz_20260420T125634237250Z_r1_2981c73c,mtu,openvpn,vm,VM,5GHz,ubuntu,1,1400,,,False,2,1.0,0.2,60,50,50M,enp0s3,/home/clientvm/vm-client.ovpn,False,False,True,True,True,56.10518419128889,49.99928983495487,0.05639640557848783,0.21072867816583443,13.545,15.578,25.292,2.589,33.90229007633587,51.4,1.6549083871608676,,,C:\vpn-thesis\results\mtu_openvpn_vm_5GHz_20260420T125634237250Z_r1_2981c73c
mtu_openvpn_vm_5GHz_20260420T130529293910Z_r2_b079ef4a,mtu,openvpn,vm,VM,5GHz,ubuntu,2,1400,,,False,2,1.0,0.2,60,50,50M,enp0s3,/home/clientvm/vm-client.ovpn,False,False,True,True,True,59.75239616342165,49.99827884282838,0.735543928789835,0.1519455741764247,13.492,14.661,33.652,2.876,28.255384615384614,47.5,2.1147259885780287,,,C:\vpn-thesis\results\mtu_openvpn_vm_5GHz_20260420T130529293910Z_r2_b079ef4a
mtu_openvpn_vm_5GHz_20260420T131428241367Z_r3_5f73ff71,mtu,openvpn,vm,VM,5GHz,ubuntu,3,1400,,,False,2,1.0,0.2,60,50,50M,enp0s3,/home/clientvm/vm-client.ovpn,False,False,True,True,True,57.282086595764575,49.998484989366574,0.750482428722855,0.20071660578563033,13.87,15.284,32.762,3.293,27.44779411764706,44.1,2.086946818029945,,,C:\vpn-thesis\results\mtu_openvpn_vm_5GHz_20260420T131428241367Z_r3_5f73ff71
mtu_openvpn_vm_5GHz_20260424T025005534768Z_r1_ade534bc,mtu,openvpn,vm,WSL,5GHz,Aregae,1,1480,,,False,2,1.0,0.2,60,50,50M,eth0,/home/clientvm/vm-client.ovpn,False,False,True,True,True,87.04418847144724,49.999266502017115,0.06421036538755542,0.196493502500297,13.163,18.058,36.865,5.42,1.4816793893129772,4.1,58.746979339307515,,,C:\vpn-thesis\results\mtu_openvpn_wsl_5GHz_20260424T025005534768Z_r1_ade534bc
mtu_openvpn_vm_5GHz_20260424T025913771991Z_r2_18be04b8,mtu,openvpn,vm,WSL,5GHz,Aregae,2,1480,,,False,2,1.0,0.2,60,50,50M,eth0,/home/clientvm/vm-client.ovpn,False,False,True,True,True,72.071890839376,49.9992531689196,0.0771203859416671,0.16976482259347267,13.11,16.618,27.692,3.707,2.3282442748091605,4.5,30.95546786871559,,,C:\vpn-thesis\results\mtu_openvpn_wsl_5GHz_20260424T025913771991Z_r2_18be04b8
mtu_openvpn_vm_5GHz_20260424T030833130110Z_r3_d10e9a6f,mtu,openvpn,vm,WSL,5GHz,Aregae,3,1480,,,False,2,1.0,0.2,60,50,50M,eth0,/home/clientvm/vm-client.ovpn,False,False,True,True,True,79.0297763914463,49.999318167837146,0.1946695204606839,0.16543687593831927,12.853,14.421,24.39,2.646,0.6427480916030535,2.4,122.95606540711954,,,C:\vpn-thesis\results\mtu_openvpn_wsl_5GHz_20260424T030833130110Z_r3_d10e9a6f
mtu_wireguard_pi_5GHz_20260420T091950290306Z_r1_e55bd193,mtu,wireguard,pi,RaspberryPi,5GHz,ubuntu,1,1400,,,False,2,1.0,0.2,60,50,50M,eth0,,False,False,True,True,True,83.6363567662858,49.999403001014905,0.000729607471180505,0.16214362187514061,12.654,13.142,17.673,0.961,15.140458015267177,30.4,5.524030824031178,,,C:\vpn-thesis\results\mtu_wireguard_pi_5GHz_20260420T091950290306Z_r1_e55bd193
mtu_wireguard_pi_5GHz_20260420T092842529494Z_r2_3f4af743,mtu,wireguard,pi,RaspberryPi,5GHz,ubuntu,2,1400,,,False,2,1.0,0.2,60,50,50M,eth0,,False,False,True,True,True,83.44506540848485,49.99940466765889,0.00036480373559025247,0.11080999149494565,12.605,13.696,25.607,2.502,19.704580152671756,35.0,4.234805550889674,,,C:\vpn-thesis\results\mtu_wireguard_pi_5GHz_20260420T092842529494Z_r2_3f4af743
mtu_wireguard_pi_5GHz_20260420T093735072200Z_r3_13286135,mtu,wireguard,pi,RaspberryPi,5GHz,ubuntu,3,1400,,,False,2,1.0,0.2,60,50,50M,eth0,,False,False,True,True,True,82.24670856989343,49.999403834336874,0.00036480373559025247,0.0694369913878996,12.632,13.405,33.054,2.897,5.635114503816794,13.1,14.595392607228446,,,C:\vpn-thesis\results\mtu_wireguard_pi_5GHz_20260420T093735072200Z_r3_13286135
mtu_wireguard_vm_5GHz_20260420T125415769434Z_r1_f705f5a8,mtu,wireguard,vm,VM,5GHz,ubuntu,1,1400,,,False,2,1.0,0.2,60,50,50M,enp0s3,,False,False,True,True,True,81.62878321814506,49.99919457433163,0.007660850500326498,0.15157446554495044,13.838,14.646,22.492,1.356,24.072262773722628,39.3,3.3909892055204445,,,C:\vpn-thesis\results\mtu_wireguard_vm_5GHz_20260420T125415769434Z_r1_f705f5a8
mtu_wireguard_vm_5GHz_20260420T130314588120Z_r2_910b1d94,mtu,wireguard,vm,VM,5GHz,ubuntu,2,1400,,,False,2,1.0,0.2,60,50,50M,enp0s3,,False,False,True,True,True,76.75156718693326,49.99936873714195,0.0,0.2322544044054756,13.819,15.131,30.278,2.981,39.44626865671642,60.0,1.9457243942353204,,,C:\vpn-thesis\results\mtu_wireguard_vm_5GHz_20260420T130314588120Z_r2_910b1d94
mtu_wireguard_vm_5GHz_20260420T131212021853Z_r3_96e3d42b,mtu,wireguard,vm,VM,5GHz,ubuntu,3,1400,,,False,2,1.0,0.2,60,50,50M,enp0s3,,False,False,True,True,True,82.97183164302287,49.999089033955826,0.0014592255889799284,0.19205434706998348,13.622,14.811,21.342,1.505,26.958823529411767,43.8,3.0777244990865995,,,C:\vpn-thesis\results\mtu_wireguard_vm_5GHz_20260420T131212021853Z_r3_96e3d42b
mtu_wireguard_vm_5GHz_20260424T024743008016Z_r1_aabeaa9c,mtu,wireguard,vm,WSL,5GHz,Aregae,1,1480,,,False,2,1.0,0.2,60,50,50M,eth0,,False,False,True,True,True,88.1944624757911,49.999321335595546,0.006931270976214796,0.11359634222530712,14.75,19.121,30.773,3.852,3.350381679389313,100.0,26.32370604768429,,,C:\vpn-thesis\results\mtu_wireguard_wsl_5GHz_20260424T024743008016Z_r1_aabeaa9c
mtu_wireguard_vm_5GHz_20260424T025657704315Z_r2_45e5fb3d,mtu,wireguard,vm,WSL,5GHz,Aregae,2,1480,,,False,2,1.0,0.2,60,50,50M,eth0,,False,False,True,True,True,86.1694263493482,49.99942966733205,0.006201663505034292,0.14042181378559118,14.049,17.562,27.597,3.318,8.141221374045802,18.0,10.584336476103717,,,C:\vpn-thesis\results\mtu_wireguard_wsl_5GHz_20260424T025657704315Z_r2_45e5fb3d
mtu_wireguard_vm_5GHz_20260424T030611033177Z_r3_8176827f,mtu,wireguard,vm,WSL,5GHz,Aregae,3,1480,,,False,2,1.0,0.2,60,50,50M,eth0,,False,False,True,True,True,89.37732751165004,49.999376334726186,0.0,0.0875300726721273,12.718,15.154,26.487,3.504,3.9786259541984736,14.2,22.46437049889899,,,C:\vpn-thesis\results\mtu_wireguard_wsl_5GHz_20260424T030611033177Z_r3_8176827f
